Date,Open,High,Low,Close
2022-01-03,75.63,76.08,76.46,74.28
2021-12-31,76.68,77.06,74.95,75.21
2021-12-30,76.73,77.44,75.78,76.99
2021-12-29,76.01,77.37,75.36,76.56
2021-12-28,76,76.91,75.52,75.98
2021-12-27,73.55,76.08,72.57,75.57
2021-12-23,73.31,73.96,72.28,73.79
2021-12-22,71.22,73.15,70.81,72.76
2021-12-21,70.065,71.58,68.55,71.12
2021-12-17,71.92,72.25,69.93,70.86
2021-12-16,71.11,72.99,71.03,72.38
2021-12-15,70.38,71.65,69.38,70.87
2021-12-14,71.25,72.02,69.5,70.73
2021-12-13,72,73,70.69,71.29
2021-12-10,70.64,72.33,70.3,71.67
2021-12-09,72.6,73.34,70.36,70.94
2021-12-08,71.83,73,70.91,72.36
2021-12-07,70.03,73.04,69.5,72.05
2021-12-06,66.47,70.13,66.47,69.49
2021-12-03,67.51,69.2,65.6,66.26
2021-12-02,65.7,67.5,62.42,66.5
2021-12-01,67,69.5,64.85,65.57
2021-11-30,70.04,71.22,64.44,66.18
2021-11-29,68.76,72.92,68.76,69.95
2021-11-26,78.34,78.65,67.38,68.15
2021-11-24,78.53,79.22,77.96,78.39
2021-11-23,76.45,78.87,75.3,78.5
2021-11-22,75.65,77.15,74.69,76.75
2021-11-19,75.94,75.94,75.94,75.94
2021-11-18,78.32,79.3,77.07,79.01
2021-11-17,80.69,80.69,77.68,78.36
2021-11-16,80.92,81.8,80.02,80.76
2021-11-15,80.64,81.21,79.3,80.88
2021-11-12,81.29,81.61,79.78,80.79
2021-11-11,81.3,82.34,80.2,81.59
2021-11-10,84.5,84.99,80.81,81.34
2021-11-09,82.18,84.66,81.78,84.15
2021-11-08,81.02,82.66,81.02,81.93
2021-11-05,79.44,81.8,78.96,81.27
2021-11-04,80.15,83.4,78.25,78.81
2021-11-03,83.02,83.11,79.7,80.86
2021-11-02,83.61,84.4,82.92,83.91
2021-11-01,83.3,84.87,82.74,84.05
2021-10-29,82.95,83.74,81.42,83.57
2021-10-28,82.14,83.21,80.57,82.81
2021-10-27,84.36,84.51,82.01,82.66
2021-10-26,83.73,84.88,82.98,84.65
2021-10-25,83.94,85.41,83.39,83.76
2021-10-22,82.62,84.22,81.77,83.76
2021-10-21,83.52,83.95,80.79,82.5
2021-10-20,82.215,83.65,80.78,83.42
2021-10-19,82.34,83.72,81.84,82.96
2021-10-18,82.55,83.87,81.84,82.44
2021-10-15,81.45,82.66,81.39,82.28
2021-10-14,80.67,81.67,80.38,81.31
2021-10-13,80.55,81.04,79.41,80.44
2021-10-12,80.5,81.61,79.47,80.64
2021-10-11,79.64,82.17,79.54,80.52
2021-10-08,78.78,80.11,78.63,79.35
2021-10-07,76.99,78.9,74.96,78.3
2021-10-06,79.03,79.8,76.82,77.43
2021-10-05,77.6,79.47,77.46,78.93
2021-10-04,75.88,78.37,75.32,77.62
2021-10-01,75,75.98,74.25,75.88
2021-09-30,74.69,76.07,73.14,75.03
2021-09-29,74.29,75.79,73.73,74.83
2021-09-28,75.4,76.68,74.25,75.29
2021-09-27,74.04,75.75,74.04,75.45
2021-09-24,73.24,74.27,72.81,73.98
2021-09-23,71.98,73.49,71.62,73.3
2021-09-22,72.275,72.32,72.23,72.23
2021-09-20,71.99,71.99,69.38,70.29
2021-09-17,72.57,72.71,71.22,71.97
2021-09-16,72.63,72.98,71.55,72.61
2021-09-15,70.73,73.14,70.64,72.61
2021-09-14,70.65,71.21,69.99,70.46
2021-09-13,69.66,70.96,69.52,70.45
2021-09-10,68,69.96,67.68,69.72
2021-09-09,69.39,69.88,67.57,68.14
2021-09-08,68.35,69.74,68.29,69.3
2021-09-07,69.15,69.47,67.64,68.35
2021-09-03,69.79,70.52,69.07,69.29
2021-09-02,68.15,70.61,67.86,69.99
2021-09-01,68.51,69.24,67.12,68.59
2021-08-31,69.13,69.34,68.17,68.5
2021-08-30,69.2,69.67,67.68,69.21
2021-08-27,67.79,69.04,67.52,68.74
2021-08-26,68,68.3,67.02,67.42
2021-08-25,67.65,68.54,66.92,68.36
2021-08-24,65.55,67.8,65.39,67.54
2021-08-23,62.01,65.99,61.75,65.64
2021-08-20,61.985,62.14,61.83,62.14
2021-08-19,64.59,64.74,62.65,63.69
2021-08-18,66.53,67.48,64.34,65.46
2021-08-17,67.34,67.71,66.35,66.59
2021-08-16,68.01,68.26,65.74,67.29
2021-08-13,68.88,69.22,67.79,68.44
2021-08-12,69.37,69.63,68.46,69.09
2021-08-11,68.5,69.44,66.68,69.25
2021-08-10,66.62,68.9,66.46,68.29
2021-08-09,67.82,67.98,65.15,66.48
2021-08-06,69.22,70.18,67.8,68.28
2021-08-05,68.14,69.35,67.6,69.09
2021-08-04,70.26,70.8,67.84,68.15
2021-08-03,71.42,71.94,69.2,70.56
2021-08-02,73.89,73.93,70.56,71.26
2021-07-30,73.39,74.23,72.94,73.95
2021-07-29,72.41,73.68,72.26,73.62
2021-07-28,71.98,72.6,71.71,72.39
2021-07-27,72.22,72.31,71.09,71.65
2021-07-26,7120,0,70.58,71.91
2021-07-23,71.71,72.19,71.4,72.07
2021-07-22,70.24,72.02,69.86,71.91
2021-07-21,70.4,70.5,70.3,70.3
2021-07-20,66.6,67.65,65.21,67.42
2021-07-19,71.49,71.67,65.63,66.42
2021-07-16,71.48,72.3,70.41,71.81
2021-07-15,72.96,72.96,71.4,71.65
2021-07-14,75.17,75.44,72.21,73.13
2021-07-13,74.18,75.52,73.68,75.25
2021-07-12,74.74,74.93,73.16,74.1
2021-07-09,73.26,74.76,72.72,74.56
2021-07-08,72.17,73.26,70.76,72.94
2021-07-07,73.85,74.86,71.07,72.2
2021-07-06,75.35,76.98,72.94,73.37
2021-07-02,75.02,75.62,74.41,75.16
2021-07-01,73.5,76.22,73.39,75.23
2021-06-30,73.47,74.14,72.82,73.47
2021-06-29,72.78,73.81,71.97,72.98
2021-06-28,73.99,74.45,72.62,72.91
2021-06-25,73.32,74.18,72.85,74.05
2021-06-24,73.28,73.61,72.32,73.3
2021-06-23,73.665,74.25,73.08,73.08
2021-06-22,73.41,73.95,72.94,73.06
2021-06-21,71.52,73.96,71.15,73.66
2021-06-18,71.1,72.17,70.16,71.64
2021-06-17,71.65,72.3,69.77,71.04
2021-06-16,72.45,72.99,71.61,72.15
2021-06-15,71.16,72.49,70.81,72.12
2021-06-14,70.65,71.78,70.65,70.88
2021-06-11,70.1,71.24,69.68,70.91
2021-06-10,69.76,70.65,68.68,70.29
2021-06-09,70.01,70.62,69.46,69.96
2021-06-08,69.29,70.27,68.47,70.05
2021-06-07,69.52,70,68.93,69.23
2021-06-04,68.91,69.76,68.33,69.62
2021-06-03,68.76,69.4,68.19,68.81
2021-06-02,67.99,69,67.78,68.83
2021-06-01,66.68,68.87,66.41,67.72
2021-05-28,66.95,67.52,66.17,66.32
2021-05-27,66.16,66.92,65.47,66.85
2021-05-26,66.04,66.43,65.25,66.21
2021-05-25,66.02,66.51,65.41,66.07
2021-05-24,63.87,66.14,63.63,66.05
2021-05-21,62.815,64.07,61.56,63.58
2021-05-20,63.39,63.96,61.89,62.05
2021-05-19,65.28,65.35,61.95,63.36
2021-05-18,66.33,67.01,64.11,65.49
2021-05-17,65.5,66.43,64.83,66.27
2021-05-14,63.83,65.62,63.33,65.37
2021-05-13,65.75,65.81,63.09,63.82
2021-05-12,65.46,66.63,64.97,66.08
2021-05-11,64.9,65.5,63.68,65.28
2021-05-10,65.57,65.75,63.95,64.92
2021-05-07,64.9,65.24,63.9,64.9
2021-05-06,65.27,65.98,64.5,64.71
2021-05-05,66.45,66.76,64.92,65.63
2021-05-04,64.6,66.19,64.29,65.69
2021-05-03,63.64,64.68,62.91,64.49
2021-04-30,64.88,64.95,63.08,63.58
2021-04-29,63.7,65.47,63.65,65.01
2021-04-28,63.04,64.53,62.67,63.86
2021-04-27,61.97,63.3,61.91,62.94
2021-04-26,62.06,62.31,60.66,61.91
2021-04-23,61.65,62.43,61.25,62.14
2021-04-22,61.11,61.87,60.61,61.43
2021-04-21,61.71,62.56,60.86,61.35
2021-04-20,63.47,64.25,61.5,62.44
2021-04-19,62.98,63.63,62.63,63.38
2021-04-16,63.32,63.88,62.83,63.13
2021-04-15,62.83,63.57,62.53,63.46
2021-04-14,60.44,63.44,60.38,63.15
2021-04-13,59.64,60.59,59.64,60.18
2021-04-12,59.35,60.77,58.73,59.7
2021-04-09,59.76,59.95,59.1,59.32
2021-04-08,59.52,59.93,58.82,59.6
2021-04-07,59.26,60.04,58.12,59.77
2021-04-06,58.8,60.9,58.62,59.33
2021-04-05,61.5,61.5,57.63,58.65
2021-04-02,61.45,61.45,61.45,61.45
2021-04-01,59.49,61.75,58.86,61.45
2021-03-31,60.45,61.17,58.85,59.16
2021-03-30,61.96,62.27,59.94,60.55
2021-03-29,60.93,61.77,59.41,61.56
2021-03-26,58.48,61.36,58.32,60.97
2021-03-25,60.8,60.86,57.44,58.56
2021-03-24,57.4,61.34,57.29,61.18
2021-03-23,57.505,57.76,57.25,57.76
2021-03-22,61.55,61.9,60.39,61.55
2021-03-19,59.56,61.72,58.94,61.42
2021-03-18,64.42,64.82,58.2,60
2021-03-17,64.75,65.34,63.6,64.6
2021-03-16,65.33,65.43,63.8,64.8
2021-03-15,65.56,66.4,64.13,65.39
2021-03-12,65.96,66.24,65.41,65.61
2021-03-11,64.7,66.21,64.54,66.02
2021-03-10,63.84,64.96,63.13,64.44
2021-03-09,64.73,65.98,63.63,64.01
2021-03-08,66.68,67.98,64.57,65.05
2021-03-05,64.16,66.42,63.82,66.09
2021-03-04,61.08,64.86,60.52,63.83
2021-03-03,59.55,61.99,59.24,61.28
2021-03-02,60.23,61.21,59.38,59.75
2021-03-01,61.95,62.92,59.96,60.64
2021-02-26,63.46,63.57,61.34,61.5
2021-02-25,63.39,63.81,62.65,63.53
2021-02-24,61.29,63.51,60.97,63.22
2021-02-23,59.215,57.76,60.67,61.67
2021-02-22,58.88,61.84,58.82,61.49
2021-02-19,60.2,60.29,58.59,59.24
2021-02-18,61.68,62.26,59.79,60.52
2021-02-17,60.24,61.73,59.43,61.14
2021-02-16,59.98,60.95,59.33,60.05
2021-02-12,57.94,59.82,57.41,59.47
2021-02-11,58.4,58.71,57.84,58.24
2021-02-10,58.45,58.91,58.08,58.68
2021-02-09,58.11,58.62,57.27,58.36
2021-02-08,57.06,58.14,57,57.97
2021-02-05,56.46,57.29,56.43,56.85
2021-02-04,55.96,56.58,55.3,56.23
2021-02-03,55.05,56.33,54.81,55.69
2021-02-02,53.48,55.26,53.45,54.76
2021-02-01,51.99,53.74,51.64,53.55
2021-01-29,52.15,53.25,51.93,52.2
2021-01-28,52.65,53.58,52.04,52.34
2021-01-27,52.76,53.3,51.85,52.85
2021-01-26,52.91,53.25,52.29,52.61
2021-01-25,52.17,52.95,51.82,52.77
2021-01-22,53.1,53.16,51.44,52.27
2021-01-21,53.08,53.41,52.75,53.13
2021-01-20,53.13,53.79,53.05,53.24
2021-01-19,52,53.13,51.76,52.98
2021-01-15,53.8,53.83,51.83,52.36
2021-01-14,52.84,53.75,52.24,53.57
2021-01-13,53.31,53.93,52.58,52.91
2021-01-12,52.18,53.45,52.07,53.21
2021-01-11,52.58,52.7,51.5,52.25
2021-01-08,50.93,52.75,50.81,52.24
2021-01-07,50.53,51.28,50.39,50.83
2021-01-06,49.82,50.94,49.48,50.63
2021-01-05,47.38,50.2,47.24,49.93
2021-01-04,48.4,49.83,47.18,47.62
2020-12-31,48.35,48.58,47.77,48.52
2020-12-30,48.13,48.66,47.61,48.4
2020-12-29,47.72,48.35,47.68,48
2020-12-28,48.23,48.96,47.5,47.62
2020-12-24,48.09,48.62,47.56,48.23
2020-12-23,46.79,48.5,46.16,48.12
2020-12-22,52.18,57.76,46.6,47.02
2020-12-21,48.54,48.61,46.18,47.74
2020-12-18,48.43,49.28,48.1,49.1
2020-12-17,47.85,48.59,47.81,48.36
2020-12-16,47.6,47.94,47.17,47.82
2020-12-15,46.99,47.73,46.54,47.62
2020-12-14,46.73,47.44,45.69,46.99
2020-12-11,46.97,47.29,46.34,46.57
2020-12-10,45.69,47.74,45.52,46.78
2020-12-09,45.6,46.24,44.95,45.52
2020-12-08,45.66,45.93,45.14,45.6
2020-12-07,46.15,46.54,45.36,45.76
2020-12-04,45.64,46.68,45.61,46.26
2020-12-03,44.99,45.84,44.66,45.64
2020-12-02,44.38,45.92,43.92,45.28
2020-12-01,45.08,45.7,44.12,44.55
2020-11-30,45.34,45.8,44.42,45.34
2020-11-27,45.9,46.09,44.55,45.53
2020-11-25,44.82,46.26,44.73,45.71
2020-11-24,42.84,45.2,42.82,44.91
2020-11-23,42.46,43.36,42.29,43.06
2020-11-20,41.7,42.32,41.51,42.42
2020-11-19,41.61,41.98,41.08,41.74
2020-11-18,41.35,42.46,41.08,41.82
2020-11-17,41.44,41.69,40.57,41.43
2020-11-16,40.17,42.09,40.15,41.34
2020-11-13,40.94,40.94,40.06,40.13
2020-11-12,41.47,42.19,40.87,41.12
2020-11-11,41.79,43.06,41.32,41.45
2020-11-10,39.91,41.84,39.41,41.36
2020-11-09,37.34,41.33,37.16,40.29
2020-11-06,38.54,38.61,37.06,37.14
2020-11-05,39.17,39.35,38.27,38.79
2020-11-04,38.15,39.25,37.26,39.15
2020-11-03,37.03,38.32,36.57,37.66
2020-11-02,35.24,37.15,33.64,36.81
2020-10-30,36.07,36.6,35.21,35.79
2020-10-29,37.39,37.76,34.92,36.17
2020-10-28,38.97,39.01,36.97,37.39
2020-10-27,38.59,39.83,38.51,39.57
2020-10-26,39.15,0,38.28,38.56
2020-10-25,39.69,39.74,38.83,39.15
2020-10-23,40.61,40.92,39.57,39.85
2020-10-22,40.04,41.02,39.71,40.64
2020-10-21,48.77,57.76,39.78,40.03
2020-10-20,40.65,41.7,40.25,41.46
2020-10-19,40.69,41.22,40.54,40.83
2020-10-16,40.88,41.05,40.08,40.88
2020-10-15,41.13,41.29,39.22,40.96
2020-10-14,40.19,41.16,39.82,41.04
2020-10-13,39.53,40.53,39.35,40.2
2020-10-12,40.4,40.45,39.04,39.43
2020-10-09,41.31,41.47,40.38,40.6
2020-10-08,39.99,41.33,39.76,41.19
2020-10-07,39.83,40.35,39.28,39.95
2020-10-06,39.35,40.86,39.1,40.67
2020-10-05,37,39.72,37,39.22
2020-10-02,38.6,38.65,36.63,37.05
2020-10-01,39.9,40.47,37.61,38.72
2020-09-30,39.16,40.37,38.68,40.22
2020-09-29,40.58,40.7,38.41,39.29
2020-09-28,40.07,40.8,39.78,40.6
2020-09-25,40.15,40.64,39.71,40.25
2020-09-24,39.6,40.37,39.12,40.31
2020-09-23,40.005,40.75,39.26,39.93
2020-09-22,39.63,40.02,39,39.6
2020-09-21,40.98,41.27,38.66,39.31
2020-09-18,40.97,41.49,40.3,41.11
2020-09-17,40.19,41.22,39.42,40.97
2020-09-16,38.35,40.34,38.35,40.16
2020-09-15,37.28,38.57,37.06,38.28
2020-09-14,37.32,37.68,36.82,37.26
2020-09-11,37.01,37.82,36.67,37.33
2020-09-10,37.8,38.18,36.93,37.3
2020-09-09,36.79,38.45,36.16,38.05
2020-09-08,39.48,39.59,36.13,36.76
2020-09-04,41.25,41.87,39.35,39.77
2020-09-03,41.63,41.79,40.22,41.37
2020-09-02,43.02,43.21,41.23,41.51
2020-09-01,42.83,43.43,42.72,42.76
2020-08-31,42.91,43.57,42.56,42.61
2020-08-28,42.98,43.42,42.69,42.97
2020-08-27,43.45,43.5,42.36,43.04
2020-08-26,43.39,43.78,43,43.39
2020-08-25,42.36,43.57,42.31,43.35
2020-08-24,42.48,42.89,42.23,42.62
2020-08-21,42.21,42.96,41.46,42.34
2020-08-20,42.74,42.79,41.5,42.58
2020-08-19,42.6,43.03,42.36,42.93
2020-08-18,42.79,42.99,42.11,42.89
2020-08-17,42.24,42.97,41.8,42.89
2020-08-14,42.33,42.57,41.62,42.01
2020-08-13,42.57,42.84,42.09,42.24
2020-08-12,41.62,42.9,41.53,42.67
2020-08-11,41.98,42.94,41.48,41.61
2020-08-10,41.5,42.33,41.17,41.94
2020-08-07,41.97,42.22,41.06,41.22
2020-08-06,42.19,42.65,41.61,41.95
2020-08-05,41.56,43.52,41.47,42.19
2020-08-04,40.78,42.08,40.14,41.7
2020-08-03,40.39,41.24,39.58,41.01
2020-07-31,40.34,40.55,39.66,40.27
2020-07-30,41.32,41.39,38.72,39.92
2020-07-29,41.13,41.57,40.93,41.27
2020-07-28,41.65,41.93,40.85,41.04
2020-07-27,41.26,41.82,40.48,41.6
2020-07-24,41.06,41.67,40.66,41.29
2020-07-23,41.95,42.36,40.83,41.07
2020-07-22,41.585,42.03,41.14,41.9
2020-07-21,40.65,42.4,40.64,41.96
2020-07-20,40.64,40.91,39.83,40.81
2020-07-17,40.72,40.9,40.02,40.59
2020-07-16,40.97,41.18,40.52,40.75
2020-07-15,40.55,41.26,40.08,41.2
2020-07-14,39.6,40.57,39.07,40.29
2020-07-13,40.35,40.72,39.47,40.1
2020-07-10,39.58,40.77,38.54,40.55
2020-07-09,40.87,40.99,39.27,39.62
2020-07-08,40.48,41.08,40.3,40.9
2020-07-07,40.68,40.95,39.9,40.62
2020-07-06,40.31,41.08,40.15,40.63
2020-07-02,39.78,40.74,39.46,40.65
2020-07-01,39.84,40.58,39.05,39.82
2020-06-30,39.64,40.08,38.85,39.27
2020-06-29,37.96,39.89,37.5,39.7
2020-06-26,39.09,39.35,37.79,38.49
2020-06-25,38.05,39.23,37.08,38.72
2020-06-24,39.99,40.54,37.31,38.01
2020-06-23,41,41.63,40.37,40.37
2020-06-22,39.18,40.7,39.12,40.46
2020-06-19,38.85,40.49,38.4,39.75
2020-06-18,37.74,38.97,37.11,38.84
2020-06-17,37.93,38.75,37.21,37.96
2020-06-16,37.05,39.06,36.38,38.38
2020-06-15,36.03,37.26,34.36,37.12
2020-06-12,36.26,36.99,34.48,36.26
2020-06-11,39.09,39.09,35.41,36.34
2020-06-10,38.5,39.91,37.73,39.6
2020-06-09,38.22,39.1,37.07,38.94
2020-06-08,39.41,40.44,37.96,38.19
2020-06-05,37.33,39.68,37.05,39.55
2020-06-04,36.76,37.62,36.38,37.41
2020-06-03,36.86,38.18,35.88,37.29
2020-06-02,35.56,37.06,35.28,36.81
2020-06-01,35.21,35.9,34.27,35.44
2020-05-29,33.68,35.77,32.36,35.49
2020-05-28,32.1,34.21,31.14,33.71
2020-05-27,34.14,34.32,31.75,32.81
2020-05-26,33.3,34.81,32.48,34.35
2020-05-22,33.95,34,30.72,33.25
2020-05-21,33.53,34.66,33.26,33.92
2020-05-20,33.635,33.78,33.49,33.49
2020-05-19,32.83,33.44,31.34,32.5
2020-05-18,29.53,33.32,29.53,31.82
2020-05-15,27.64,29.92,27.24,29.43
2020-05-14,25.56,27.96,25.18,27.56
2020-05-13,25.3,26.45,24.79,25.29
2020-05-12,24.49,26.23,24.22,25.78
2020-05-11,24.49,25.58,23.67,24.14
2020-05-08,23.35,24.99,23.26,24.74
2020-05-07,24.09,26.74,22.94,23.55
2020-05-06,25.52,26.08,22.58,23.99
2020-05-05,21.24,25.49,21.13,24.56
2020-05-04,19.11,21.42,18.05,20.39
2020-05-01,19.04,20.48,18.07,19.78
2020-04-30,15.64,19.44,15.45,18.84
2020-04-29,13.35,16.78,12.67,15.06
2020-04-28,12.96,13.69,10.07,12.34
2020-04-27,16.84,16.98,11.88,12.78
2020-04-24,16.78,17.97,15.64,16.94
2020-04-23,14.2,18.26,13.35,16.5
2020-04-22,13.22,16.18,10.26,13.78
2020-04-21,-14,13.86,-16.74,10.01
2020-04-20,17.73,0.05,-40.32,-37.63
2020-04-17,20,20.22,17.31,18.27
2020-04-16,20.15,20.53,19.42,19.87
2020-04-15,20.72,20.89,19.2,19.87
2020-04-14,22.36,23.08,19.95,20.11
2020-04-13,24.6,24.74,22.03,22.41
2020-04-09,26.28,28.36,22.57,22.76
2020-04-08,24.3,26.45,23.74,25.09
2020-04-07,26.34,27.24,23.54,23.63
2020-04-06,26.09,28.24,25.28,26.08
2020-04-03,24.81,29.13,23.52,28.34
2020-04-02,21.22,27.39,20.76,25.32
2020-04-01,20.1,21.55,19.9,20.31
2020-03-31,20.23,21.89,20.01,20.48
2020-03-30,20.93,20.93,19.27,20.09
2020-03-27,23.29,23.44,20.88,21.51
2020-03-26,24.25,24.65,22.38,22.6
2020-03-25,24.37,25.24,22.91,24.49
2020-03-24,23.87,25.16,23.09,24.01
2020-03-23,22.52,24.07,20.8,23.36
2020-03-20,24.73,27.89,19.46,22.43
2020-03-19,22.3,27.71,21.36,25.22
2020-03-18,26.94,27.22,20.06,20.37
2020-03-17,28.69,30.3,26.63,26.95
2020-03-16,33.75,33.75,28.1,28.7
2020-03-13,30.77,33.87,30.33,31.73
2020-03-12,33.07,33.63,30.02,31.5
2020-03-11,34.62,36.35,32.56,32.98
2020-03-10,30.37,35.02,30.2,34.36
2020-03-09,32.87,34.88,27.34,31.13
2020-03-06,46.09,46.38,41.05,41.28
2020-03-05,47.13,47.57,45.65,45.9
2020-03-04,46.94,48.41,46.65,46.78
2020-03-03,47.72,48.66,46.47,47.18
2020-03-02,43.7,47.56,43.32,46.75
2020-02-28,46.49,47.03,43.85,44.76
2020-02-27,48.63,48.78,45.88,47.09
2020-02-26,50.08,50.44,48.3,48.73
2020-02-25,51.37,52.02,49.69,49.9
2020-02-24,52.6,52.64,50.45,51.43
2020-02-21,53.74,0,52.55,53.38
2020-02-20,53.5,54.5,53.22,53.78
2020-02-19,52.12,53.66,51.93,53.29
2020-02-18,52.23,0,50.88,52.05
2020-02-14,51.51,52.34,51.32,52.05
2020-02-13,51.72,51.96,50.6,51.42
2020-02-12,49.96,51.73,49.95,51.17
2020-02-11,49.61,50.69,49.58,49.94
2020-02-10,50.12,50.49,49.42,49.57
2020-02-07,51.11,51.48,50.09,50.32
2020-02-06,51.17,52.2,50.24,50.95
2020-02-05,49.51,51.88,49.47,50.75
2020-02-04,49.94,51.55,49.31,49.61
2020-02-03,51.01,51.97,49.8,50.11
2020-01-31,52.92,53.36,50.97,51.56
2020-01-30,53.09,53.2,51.66,52.14
2020-01-29,53.97,54.37,52.81,53.33
2020-01-28,52.77,54.06,52.68,53.48
2020-01-27,53.7,53.71,52.13,53.14
2020-01-24,55.69,55.95,53.85,54.19
2020-01-23,56.11,56.27,54.77,55.59
2020-01-22,58.26,0,56.03,56.74
2020-01-21,59.17,59.73,57.68,58.34
2020-01-17,58.59,58.98,58.27,58.54
2020-01-16,58.1,58.87,57.56,58.52
2020-01-15,58.2,58.36,57.36,57.81
2020-01-14,58.03,58.72,57.72,58.23
2020-01-13,59.04,59.27,57.91,58.08
2020-01-10,59.61,59.78,58.85,59.04
2020-01-09,59.99,60.31,58.66,59.56
2020-01-08,62.84,65.65,59.15,59.61
2020-01-07,62.91,63.15,62.11,62.7
2020-01-06,63.71,64.72,62.64,63.27
2020-01-03,61.18,64.09,61.13,63.05
2020-01-02,61.6,61.6,60.64,61.18
2019-12-31,61.68,61.88,60.63,61.06
2019-12-30,61.71,62.34,61.09,61.68
2019-12-27,61.73,61.97,61.24,61.72
2019-12-26,61.2,61.83,61.06,61.68
2019-12-24,60.63,61.16,60.47,61.11
2019-12-23,60.41,60.77,60.1,60.52
2019-12-20,60.61,61.2,60.02,60.44
2019-12-19,60.86,61.47,60.79,61.22
2019-12-18,60.55,61.18,60.32,60.93
2019-12-17,60.23,61.06,60.03,60.94
2019-12-16,59.87,60.34,59.71,60.21
2019-12-13,59.36,60.48,59.27,60.07
2019-12-12,58.88,59.72,58.75,59.18
2019-12-11,59.06,59.22,58.11,58.76
2019-12-10,58.92,59.52,58.52,59.24
2019-12-09,59.11,59.25,58.23,59.02
2019-12-06,58.32,59.85,57.7,59.2
2019-12-05,58.36,59.12,58.1,58.43
2019-12-04,56.43,58.66,56.28,58.43
2019-12-03,55.96,56.8,55.35,56.1
2019-12-02,55.47,56.67,55.42,55.96
2019-11-29,58.13,58.3,55.02,55.17
2019-11-27,58.27,58.68,57.51,58.11
2019-11-26,57.92,58.56,57.76,58.41
2019-11-25,57.92,58.15,57.21,58.01
2019-11-22,58.31,58.74,57.5,57.77
2019-11-21,57.635,58.67,56.6,58.58
2019-11-20,55.16,57.25,54.76,57.11
2019-11-19,56.9,57.11,55.04,55.21
2019-11-18,57.88,58.09,56.55,57.05
2019-11-15,56.91,57.97,56.43,57.72
2019-11-14,57.39,57.79,56.63,56.77
2019-11-13,56.79,57.53,56.2,57.12
2019-11-12,56.97,57.55,56.54,56.8
2019-11-11,56.89,56.99,56.55,56.86
2019-11-10,57.4,57.4,56.73,56.76
2019-11-08,57.08,57.48,55.76,57.24
2019-11-07,56.35,57.88,56.27,57.15
2019-11-06,57.26,57.85,56.11,56.35
2019-11-05,56.56,57.5,56.3,57.23
2019-11-04,56.41,57.43,55.83,56.54
2019-11-01,54.15,56.33,54.07,56.2
2019-10-31,54.9,55.59,53.71,54.18
2019-10-30,55.53,55.73,54.42,55.06
2019-10-29,55.8,55.91,54.61,55.54
2019-10-28,56.65,56.92,55.58,55.81
2019-10-25,56.07,56.74,55.6,56.66
2019-10-24,55.9,56.51,55.41,56.23
2019-10-23,54.845,56.07,53.62,55.97
2019-10-22,53.39,54.62,53.1,54.16
2019-10-21,53.71,54.03,52.71,53.31
2019-10-18,54.09,54.62,53.35,53.78
2019-10-17,52.99,54.16,52.62,53.93
2019-10-16,52.92,53.74,52.51,53.36
2019-10-15,53.51,53.79,52.39,52.81
2019-10-14,54.9,54.9,52.77,53.59
2019-10-11,53.88,54.93,53.64,54.7
2019-10-10,52.69,53.97,51.38,53.55
2019-10-09,52.57,53.74,52.31,52.59
2019-10-08,52.81,53.27,51.81,52.63
2019-10-07,52.69,54.06,52.59,52.75
2019-10-04,52.29,53.35,52.04,52.81
2019-10-03,52.47,52.91,50.99,52.45
2019-10-02,54,54.42,52.17,52.64
2019-10-01,54.28,54.84,53.05,53.62
2019-09-30,56.54,56.57,53.98,54.07
2019-09-27,56.51,56.76,54.75,55.91
2019-09-26,56.69,56.84,55.41,56.41
2019-09-25,56.7,57.02,55.55,56.49
2019-09-24,58.44,58.49,56.69,57.29
2019-09-23,59.25,59.39,57.37,58.64
2019-09-20,58.65,59.1,57.79,58.09
2019-09-19,58.2,59.54,58.01,58.13
2019-09-18,58.81,59.43,57.67,58.11
2019-09-17,61.96,62.59,58.46,59.34
2019-09-16,61.48,63.38,58.77,62.9
2019-09-13,55.15,55.68,54.44,54.85
2019-09-12,55.93,56.34,54,55.09
2019-09-11,57.89,58.3,55.61,55.75
2019-09-10,58.03,58.76,57.2,57.4
2019-09-09,56.8,58.16,56.58,57.85
2019-09-06,56.19,56.95,54.83,56.52
2019-09-05,55.95,57.76,55.75,56.3
2019-09-04,53.92,56.58,53.84,56.26
2019-09-03,55,55.24,52.84,53.94
2019-08-30,56.63,56.72,54.55,55.1
2019-08-29,55.88,56.89,55.43,56.71
2019-08-28,55.71,56.75,55.34,55.78
2019-08-27,53.76,55.72,53.69,54.93
2019-08-26,53.25,55.26,52.96,53.64
2019-08-23,55.35,55.6,53.24,54.17
2019-08-22,55.94,56.46,54.85,55.35
2019-08-21,56.34,57.13,55.55,55.68
2019-08-20,56.1,56.6,55.28,56.34
2019-08-19,54.96,56.41,54.84,56.21
2019-08-16,54.74,55.67,54.26,54.87
2019-08-15,54.9,55.33,53.77,54.47
2019-08-14,56.74,56.85,53.97,55.23
2019-08-13,54.73,57.47,54.21,57.1
2019-08-12,54.32,55.16,53.54,54.93
2019-08-09,52.88,54.92,52.37,54.5
2019-08-08,52.33,53.06,51.94,52.54
2019-08-07,53.42,53.77,50.52,51.09
2019-08-06,54.95,55.42,53.29,53.63
2019-08-05,55.38,55.61,54.22,54.69
2019-08-02,54.54,56.05,54.15,55.66
2019-08-01,57.85,57.99,53.59,53.95
2019-07-31,58.34,58.82,57.81,58.58
2019-07-30,57.07,58.47,56.96,58.05
2019-07-29,56.2,57.1,55.81,56.87
2019-07-26,55.93,56.57,55.68,56.2
2019-07-25,55.9,56.99,55.81,56.02
2019-07-24,57.23,57.64,55.33,55.88
2019-07-23,56.605,57.47,55.74,56.77
2019-07-22,56.22,56.84,55.72,56.22
2019-07-19,55.72,56.36,54.99,55.63
2019-07-18,56.6,57.32,54.72,55.3
2019-07-17,57.52,58.36,56.21,56.78
2019-07-16,59.26,60.06,57.07,57.62
2019-07-15,60.25,60.92,59.2,59.58
2019-07-12,60.46,60.74,59.93,60.21
2019-07-11,60.44,60.94,60.14,60.2
2019-07-10,58.4,60.53,58.35,60.43
2019-07-09,57.56,59.1,57.29,57.83
2019-07-08,57.77,58.46,57.3,57.66
2019-07-05,57.38,57.82,56.29,57.51
2019-07-03,56.49,57.48,56.04,57.34
2019-07-02,59.14,59.43,56.09,56.25
2019-07-01,59.27,60.28,58.34,59.09
2019-06-28,59.22,59.8,57.75,58.47
2019-06-27,59.27,59.73,58.61,59.43
2019-06-26,58.84,59.93,58.65,59.38
2019-06-25,57.74,58.84,57.2,57.83
2019-06-24,57.72,58.22,56.75,57.9
2019-06-21,57.32,57.98,56.66,57.43
2019-06-20,54.12,57.02,54.11,56.65
2019-06-19,54.09,54.42,53.28,53.76
2019-06-18,51.95,54.31,51.5,53.9
2019-06-17,52.5,52.74,51.58,51.93
2019-06-14,52.18,52.98,51.7,52.51
2019-06-13,51.07,53.45,50.92,52.28
2019-06-12,53.04,53.05,50.72,51.14
2019-06-11,53.43,54.04,52.91,53.27
2019-06-10,54.24,54.84,53.05,53.26
2019-06-07,53.1,54.32,52.62,53.99
2019-06-06,51.66,53.3,51.17,52.59
2019-06-05,52.86,53.41,50.6,51.68
2019-06-04,52.89,53.78,52.43,53.48
2019-06-03,53.42,54.63,52.11,53.25
2019-05-31,56.46,56.61,53.05,53.5
2019-05-30,59.12,59.7,56.33,56.59
2019-05-29,59.07,59.14,56.88,58.81
2019-05-28,58.94,59.57,58.13,59.14
2019-05-24,58.21,59.1,57.5,58.63
2019-05-23,61.31,61.41,57.33,57.91
2019-05-22,61.225,61.42,61.03,61.42
2019-05-21,63.22,63.6,62.75,62.99
2019-05-20,62.93,63.81,62.45,63.1
2019-05-17,63.12,63.64,62.52,62.76
2019-05-16,62.12,63.48,62.08,62.87
2019-05-15,61.37,62.34,60.85,62.02
2019-05-14,60.86,62.11,60.69,61.78
2019-05-13,61.65,63.33,60.64,61.04
2019-05-10,61.64,62.49,61.42,61.66
2019-05-09,62.02,62.21,60.92,61.7
2019-05-08,61.44,62.37,61.07,62.12
2019-05-07,62.17,62.49,60.66,61.4
2019-05-06,61.43,62.95,60.04,62.25
2019-05-03,61.55,62.52,61.3,61.94
2019-05-02,63.61,63.68,60.95,61.81
2019-05-01,63.4,63.93,62.77,63.6
2019-04-30,63.58,64.75,63.3,63.91
2019-04-29,62.95,63.69,62.46,63.5
2019-04-26,65.13,65.18,62.28,63.3
2019-04-25,65.81,66.28,64.9,65.21
2019-04-24,66.17,66.43,65.66,65.89
2019-04-23,66.09,66.6,65.58,66.3
2019-04-22,64,65.92,64,65.7
2019-04-18,63.75,64.16,63.46,64
2019-04-17,64.32,64.61,63.66,63.76
2019-04-16,63.57,64.37,62.99,64.05
2019-04-15,63.76,63.84,63.03,63.4
2019-04-12,63.71,64.65,63.66,63.89
2019-04-11,64.48,64.49,63.31,63.58
2019-04-10,64.22,64.7,64.05,64.61
2019-04-09,64.4,64.79,63.68,63.98
2019-04-08,63.33,64.48,63.13,64.4
2019-04-05,62.18,63.34,61.82,63.08
2019-04-04,62.5,62.77,61.89,62.1
2019-04-03,62.64,62.99,62.05,62.46
2019-04-02,61.81,62.75,61.6,62.58
2019-04-01,60.24,61.8,60.13,61.59
2019-03-29,59.53,60.73,59.41,60.14
2019-03-28,59.4,59.56,58.2,59.3
2019-03-27,60.03,60.22,58.81,59.41
2019-03-26,59.12,60.38,59.04,59.94
2019-03-25,58.98,59.35,58.17,58.82
2019-03-22,59.87,60.07,58.28,59.04
2019-03-21,60.025,60.39,59.66,59.98
2019-03-20,59.02,60.12,58.39,59.83
2019-03-19,59.01,59.57,58.62,59.03
2019-03-18,58.45,59.23,58.05,59.09
2019-03-15,58.51,58.95,57.74,58.52
2019-03-14,58.35,58.74,58,58.61
2019-03-13,57.09,58.48,57.01,58.26
2019-03-12,56.76,57.55,56.74,56.87
2019-03-08,56.43,56.51,54.52,56.07
2019-03-07,56.2,56.99,56.08,56.66
2019-03-06,56.28,56.4,55.42,56.22
2019-03-05,56.45,57.19,56.09,56.56
2019-03-04,55.83,57,55.81,56.59
2019-03-01,57.22,57.88,55.57,55.8
2019-02-28,57,57.43,56.43,57.22
2019-02-27,55.95,57.39,55.72,56.94
2019-02-26,55.46,56.08,55.02,55.5
2019-02-25,57.17,57.53,55.08,55.48
2019-02-22,56.84,57.81,56.71,57.26
2019-02-21,57.125,57.61,56.64,56.96
2019-02-20,55.94,57.55,55.48,56.92
2019-02-19,55.78,56.33,55.29,56.09
2019-02-15,54.48,55.87,54.24,55.59
2019-02-14,53.96,54.68,53.08,54.41
2019-02-13,53.35,54.6,53.27,53.9
2019-02-12,52.47,54.05,52.29,53.1
2019-02-11,52.66,52.78,51.23,52.41
2019-02-08,52.59,52.99,52.08,52.72
2019-02-07,53.94,54.21,51.8,52.64
2019-02-06,53.73,54.3,52.86,54.01
2019-02-05,54.86,55.21,53.47,53.66
2019-02-04,55.32,55.75,53.29,54.56
2019-02-01,54.01,55.66,53.37,55.26
2019-01-31,54.28,55.37,53.62,53.79
2019-01-30,53.24,54.93,53.09,54.23
2019-01-29,52.12,53.93,51.84,53.31
2019-01-28,53.56,53.64,51.33,51.99
2019-01-25,53.17,53.94,52.91,53.69
2019-01-24,52.45,53.47,52.07,53.13
2019-01-23,52.75,53.64,51.86,52.62
2019-01-22,53.73,54.24,51.8,52.57
2019-01-18,52.23,53.92,52.09,53.8
2019-01-17,52.18,52.58,50.98,52.07
2019-01-16,52,52.52,51.26,52.31
2019-01-15,50.78,52.3,50.64,52.11
2019-01-14,51.73,52.11,50.38,50.51
2019-01-11,52.28,53.31,51.18,51.59
2019-01-10,52.18,52.78,51.37,52.59
2019-01-09,49.8,52.58,49.71,52.36
2019-01-08,48.73,49.95,48.31,49.78
2019-01-07,48.3,49.79,48.11,48.52
2019-01-04,46.9,49.22,46.65,47.96
2019-01-03,46.26,47.49,45.35,47.09
2019-01-02,45.8,47.78,44.35,46.54
2018-12-31,45.22,46.53,44.73,45.41
2018-12-28,45.44,46.22,44.42,45.33
2018-12-27,46.58,46.7,44.37,44.61
2018-12-26,42.85,47,42.52,46.22
2018-12-24,45.45,46.24,42.36,42.53
2018-12-21,46.25,46.77,45.13,45.59
2018-12-20,45.775,45.88,45.67,45.88
2018-12-19,45.93,48,45.93,47.2
2018-12-18,49.16,49.59,45.79,46.24
2018-12-17,51.25,51.87,49.01,49.88
2018-12-14,52.83,52.95,50.84,51.2
2018-12-13,51.2,53.27,50.35,52.58
2018-12-12,51.95,52.88,50.94,51.15
2018-12-11,50.89,52.43,50.7,51.65
2018-12-10,52.03,52.81,50.53,51
2018-12-07,51.76,54.22,50.6,52.61
2018-12-06,52.93,53.3,50.08,51.49
2018-12-05,52.59,54.29,52.16,52.89
2018-12-04,53.13,54.55,52.43,53.25
2018-12-03,52.45,53.85,52.03,52.95
2018-11-30,51.27,51.79,49.65,50.93
2018-11-29,50.31,52.2,49.47,51.45
2018-11-28,52.09,52.56,50.06,50.29
2018-11-27,51.54,52.38,50.3,51.56
2018-11-26,50.62,52.25,50.1,51.63
2018-11-23,54.66,54.82,50.15,50.42
2018-11-21,53.39,55.86,53.39,54.63
2018-11-20,53.1,53.43,52.77,53.43
2018-11-19,56.72,57.33,55.08,56.76
2018-11-16,56.58,57.96,55.89,56.46
2018-11-15,56.02,57.26,55.59,56.46
2018-11-14,55.27,57.37,55.13,56.25
2018-11-13,58.88,59.35,54.75,55.69
2018-11-12,60.7,61.28,58.68,59.93
2018-11-09,60.75,60.79,59.26,60.19
2018-11-08,61.64,62.42,60.4,60.67
2018-11-07,61.74,63.18,61.2,61.67
2018-11-06,62.7,63.32,61.31,62.21
2018-11-05,62.99,64.14,62.52,63.1
2018-11-02,63.5,63.95,62.63,63.14
2018-11-01,64.88,65.39,63.11,63.69
2018-10-31,66.32,67,64.81,65.31
2018-10-30,66.68,67.26,65.33,66.18
2018-10-29,67.55,67.95,66.29,67.04
2018-10-26,66.95,67.88,66.2,67.59
2018-10-25,66.36,67.65,65.99,67.33
2018-10-24,66.17,67.72,66.05,66.82
2018-10-23,66.085,66.43,65.74,66.43
2018-10-22,69.41,69.65,68.27,69.17
2018-10-19,68.68,69.77,68.56,69.12
2018-10-18,70.03,70.03,68.47,68.65
2018-10-17,72.17,72.43,69.43,69.75
2018-10-16,71.72,72.29,71.02,71.92
2018-10-15,71.85,72.7,70.85,71.78
2018-10-12,70.99,72.01,70.64,71.34
2018-10-11,72.68,72.76,70.51,70.97
2018-10-10,74.66,75.08,72.38,73.17
2018-10-09,74.21,75.28,74,74.96
2018-10-08,74.4,74.58,73.07,74.29
2018-10-05,74.67,75.22,73.83,74.34
2018-10-04,76.18,76.47,73.88,74.33
2018-10-03,75.12,76.9,74.3,76.41
2018-10-02,75.42,75.91,74.93,75.23
2018-10-01,73.29,75.77,72.95,75.3
2018-09-28,72.18,73.73,71.88,73.25
2018-09-27,72.01,72.6,71.71,72.12
2018-09-26,72.09,72.38,71.47,71.57
2018-09-25,72.25,72.78,71.89,72.28
2018-09-24,71.14,72.74,71.14,72.08
2018-09-21,70.89,71.8,69.98,70.78
2018-09-20,71.39,71.81,70.73,70.8
2018-09-19,69.71,71.5,69.65,71.12
2018-09-18,68.8,70.42,68.53,69.85
2018-09-17,68.93,69.72,68.53,68.91
2018-09-14,68.79,69.91,67.94,68.99
2018-09-13,70.24,70.28,68.35,68.59
2018-09-12,69.89,71.26,69.5,70.37
2018-09-11,67.53,70.01,67.48,69.25
2018-09-10,67.82,68.52,67.35,67.54
2018-09-07,67.88,68.08,66.86,67.75
2018-09-06,68.64,69.02,67,67.77
2018-09-05,69.43,69.59,68.56,68.72
2018-09-04,69.89,71.4,69.08,69.87
2018-08-31,70.06,70.36,69.64,69.8
2018-08-30,69.71,70.5,69.55,70.25
2018-08-29,68.54,69.76,68.37,69.51
2018-08-28,68.93,69.2,68.21,68.53
2018-08-27,68.57,68.97,68.34,68.87
2018-08-24,67.9,69.31,67.78,68.72
2018-08-23,68.07,68.12,67.32,67.83
2018-08-22,68.005,68.15,67.86,67.86
2018-08-21,66.62,68.1,66.52,67.35
2018-08-20,65.91,66.68,65.59,66.43
2018-08-17,65.47,66.39,65.3,65.91
2018-08-16,64.95,65.52,64.43,65.46
2018-08-15,66.62,66.9,64.51,65.01
2018-08-14,67.42,68.37,66.58,67.04
2018-08-13,67.78,67.95,65.71,67.2
2018-08-10,66.74,67.87,66.14,67.63
2018-08-09,66.79,67.41,66.49,66.81
2018-08-08,69.09,69.37,66.32,66.94
2018-08-07,68.9,69.83,68.81,69.17
2018-08-06,68.65,69.92,68.5,69.01
2018-08-03,68.99,69.24,67.87,68.49
2018-08-02,67.86,69.36,66.92,68.96
2018-08-01,68.43,68.52,67.31,67.66
2018-07-31,70.05,70.22,67.98,68.76
2018-07-30,69.01,70.43,68.8,70.13
2018-07-27,69.58,69.77,68.26,68.69
2018-07-26,69.38,69.92,68.92,69.61
2018-07-25,68.77,69.7,68.2,69.3
2018-07-24,67.8,69.05,67.56,68.52
2018-07-23,68.17,69.31,67.6,67.89
2018-07-20,69.39,71.1,69.37,70.46
2018-07-19,69,70.17,67.8,69.46
2018-07-18,67.61,69.06,67.06,68.76
2018-07-17,68.03,68.44,67.03,68.08
2018-07-16,70.52,70.87,67.58,68.06
2018-07-13,70.38,71.66,69.84,71.01
2018-07-12,70.6,71.23,69.23,70.33
2018-07-11,74.2,74.26,70.02,70.38
2018-07-10,74.04,74.7,73.65,74.11
2018-07-09,73.87,74.28,72.99,73.85
2018-07-06,73.16,74.01,72.14,73.8
2018-07-05,74.23,74.9,72.53,72.94
2018-07-03,74.08,75.27,72.73,74.14
2018-07-02,73.62,74.35,72.51,73.94
2018-06-29,73.33,74.46,72.93,74.15
2018-06-28,72.27,74.03,72.25,73.45
2018-06-27,70.68,73.06,70.56,72.76
2018-06-26,68.21,70.91,67.72,70.53
2018-06-25,68.75,69.44,67.78,68.08
2018-06-22,65.93,69.38,65.71,68.58
2018-06-21,65.28,66.22,64.34,65.54
2018-06-20,65.11,66.53,65.01,66.22
2018-06-19,65.82,65.9,64.39,65.07
2018-06-18,64.4,65.98,63.59,65.85
2018-06-15,67,67.09,64.29,65.06
2018-06-14,66.62,67.16,66.36,66.89
2018-06-13,66.01,66.89,65.52,66.64
2018-06-12,66.05,66.69,65.87,66.36
2018-06-11,65.56,66.35,64.85,66.1
2018-06-08,65.98,66.24,65.33,65.74
2018-06-07,65.07,66.07,64.81,65.95
2018-06-06,65.51,65.96,64.27,64.73
2018-06-05,64.94,65.57,64.22,65.52
2018-06-04,65.71,66.04,64.57,64.75
2018-06-01,67.07,67.34,65.51,65.81
2018-05-31,68.24,68.3,66.56,67.04
2018-05-30,66.85,68.67,66.35,68.21
2018-05-29,67.55,67.55,65.8,66.73
2018-05-25,70.65,70.8,67.42,67.88
2018-05-24,71.83,72,70.52,70.71
2018-05-23,71.515,71.84,71.19,71.84
2018-05-22,72.53,72.83,71.9,72.13
2018-05-21,72.24,72.24,72.24,72.24
2018-05-18,71.6,71.75,70.99,71.28
2018-05-17,71.56,72.3,71.09,71.49
2018-05-16,71.02,71.59,70.66,71.49
2018-05-15,71.15,71.89,70.42,71.31
2018-05-14,70.54,71.26,70.26,70.96
2018-05-11,71.45,71.63,70.45,70.7
2018-05-10,71.23,71.89,70.56,71.36
2018-05-09,70.05,71.36,69.85,71.14
2018-05-08,70.03,70.4,67.63,69.06
2018-05-07,69.85,70.84,69.51,70.73
2018-05-04,68.5,69.97,68.12,69.72
2018-05-03,67.68,68.6,67.21,68.43
2018-05-02,67.49,68.14,66.92,67.93
2018-05-01,68.56,68.9,66.85,67.25
2018-04-30,68.15,69.34,67.17,68.57
2018-04-27,68.21,68.36,67.65,68.1
2018-04-26,68.03,68.78,67.71,68.19
2018-04-25,67.75,68.18,67.11,68.05
2018-04-24,68.95,69.38,67.54,67.7
2018-04-23,68.22,69.03,67.14,68.64
2018-04-20,68.26,68.62,67.5,68.38
2018-04-19,68.75,69.56,67.98,68.29
2018-04-18,66.68,68.9,66.56,68.47
2018-04-17,66.42,66.75,65.56,66.52
2018-04-16,67.24,67.74,66.13,66.22
2018-04-13,67.18,67.76,66.7,67.39
2018-04-12,66.75,67.33,66,67.07
2018-04-11,65.58,67.33,65.15,66.82
2018-04-10,63.3,65.86,63.2,65.51
2018-04-09,62,63.61,61.93,63.42
2018-04-06,63.7,63.79,61.81,62.06
2018-04-05,63.6,64.12,63.07,63.54
2018-04-04,63.59,63.64,62.06,63.37
2018-04-03,62.89,63.86,62.86,63.51
2018-04-02,64.91,65.42,62.8,63.01
2018-03-29,64.69,65.26,64.17,64.94
2018-03-28,64.7,65.13,63.72,64.38
2018-03-27,65.53,66.41,64.53,65.25
2018-03-26,65.9,66.55,65.08,65.55
2018-03-23,64.28,66,64.11,65.88
2018-03-22,65.7,65.74,64.14,64.3
2018-03-21,64.565,65.55,63.58,65.17
2018-03-20,62.1,63.81,62.08,63.4
2018-03-19,62.23,62.35,61.36,62.06
2018-03-16,61.19,62.54,61.08,62.34
2018-03-15,60.95,61.54,60.82,61.19
2018-03-14,60.87,61.33,60.11,60.96
2018-03-13,61.37,61.97,60.27,60.71
2018-03-12,62.04,0,60.67,61.36
2018-03-09,60.27,62.18,60.14,62.04
2018-03-08,61.33,61.4,59.95,60.12
2018-03-07,62.3,62.58,60.58,61.15
2018-03-06,62.58,63.28,62.17,62.6
2018-03-05,61.55,62.79,61.1,62.57
2018-03-02,61.34,61.6,60.13,61.25
2018-03-01,61.55,61.83,60.18,60.99
2018-02-28,62.79,63.44,61.36,61.64
2018-02-27,64.06,64.08,62.64,63.01
2018-02-26,63.6,64.24,63.06,63.91
2018-02-23,62.6,63.73,62.33,63.55
2018-02-22,61.34,63.09,60.75,62.77
2018-02-21,61.39,61.86,60.92,61.68
2018-02-20,61.63,62.74,61.58,61.9
2018-02-16,61.45,61.99,60.88,61.68
2018-02-15,60.71,61.64,59.72,61.34
2018-02-14,60.73,60.73,60.73,60.73
2018-02-13,59.35,59.73,58.39,59.19
2018-02-12,59.12,60.83,59.1,59.29
2018-02-09,60.43,60.77,58.07,59.2
2018-02-08,61.7,62.09,60.27,61.15
2018-02-07,63.92,64.18,61.25,61.79
2018-02-06,63.43,64.29,63.12,63.39
2018-02-05,65.1,65.4,63.42,64.15
2018-02-02,65.99,66.3,64.47,65.45
2018-02-01,64.76,66.25,64.63,65.8
2018-01-31,64.03,64.94,63.67,64.73
2018-01-30,65.53,65.56,63.89,64.5
2018-01-29,66.18,66.46,64.98,65.56
2018-01-26,65.25,66.35,64.91,66.14
2018-01-25,65.88,66.66,65.08,65.51
2018-01-24,64.42,66.05,64.34,65.61
2018-01-23,64.29,64.88,63.7,64.47
2018-01-22,63.61,64.14,63.17,63.49
2018-01-19,63.74,63.77,62.85,63.37
2018-01-18,64.07,64.35,63.47,63.95
2018-01-17,63.89,64.17,63.31,63.97
2018-01-16,64.43,64.89,63.39,63.73
2018-01-12,63.57,64.5,63.06,64.3
2018-01-11,63.5,64.77,63.43,63.8
2018-01-10,63.41,63.67,63.09,63.57
2018-01-09,61.92,63.48,61.8,62.96
2018-01-08,61.61,61.97,61.34,61.73
2018-01-05,61.9,62.04,61.09,61.44
2018-01-04,61.96,62.21,61.59,62.01
2018-01-03,60.39,61.97,60.28,61.63
2018-01-02,60.2,60.74,60.1,60.37
2018-01-01,60.1,60.1,60.1,60.1
2017-12-29,59.91,60.51,59.82,60.42
2017-12-28,59.53,59.94,59.44,59.84
2017-12-27,59.79,59.93,59.33,59.64
2017-12-26,58.4,60.01,58.32,59.97
2017-12-22,58.21,58.5,57.87,58.47
2017-12-21,58.02,58.38,57.63,58.36
2017-12-20,57.78,58.12,57.44,58.09
2017-12-19,57.3,57.64,57.16,57.46
2017-12-18,57.37,57.78,56.82,57.16
2017-12-15,57.15,57.49,56.94,57.3
2017-12-14,56.7,57.22,56.09,57.04
2017-12-13,57.45,57.83,56.55,56.6
2017-12-12,58.02,58.56,56.85,57.14
2017-12-11,57.25,58.08,56.91,57.99
2017-12-08,56.65,57.79,56.54,57.36
2017-12-07,56,56.78,55.82,56.69
2017-12-06,57.45,57.57,55.87,55.96
2017-12-05,57.48,57.92,57.08,57.62
2017-12-04,58.32,58.34,57.35,57.47
2017-12-01,57.42,58.88,57.29,58.36
2017-11-30,57.41,57.98,57.05,57.4
2017-11-29,57.73,58.3,56.75,57.3
2017-11-28,57.86,58.11,57.42,57.99
2017-11-27,58.95,58.99,57.55,58.11
2017-11-24,58.05,59.05,57.75,58.95
2017-11-22,57.12,58.15,57.03,58.02
2017-11-21,57.025,57.22,56.83,56.83
2017-11-20,56.69,56.76,55.57,56.09
2017-11-17,55.25,56.68,55.18,56.55
2017-11-16,55.3,55.62,54.93,55.14
2017-11-15,55.06,55.56,54.88,55.33
2017-11-14,56.72,56.77,54.81,55.7
2017-11-13,56.9,57.15,56.3,56.76
2017-11-10,57.02,57.35,56.55,56.74
2017-11-09,56.85,57.53,56.69,57.17
2017-11-08,56.96,57.92,56.41,56.81
2017-11-07,57.27,57.69,56.83,57.2
2017-11-06,55.97,57.61,55.66,57.35
2017-11-03,54.73,55.76,54.4,55.64
2017-11-02,54.28,54.84,53.99,54.54
2017-11-01,54.65,55.22,53.89,54.3
2017-10-31,54.08,54.85,53.93,54.38
2017-10-30,54.16,54.46,53.75,54.15
2017-10-27,52.8,54.2,52.25,53.9
2017-10-26,52.19,52.86,51.91,52.64
2017-10-25,52.56,52.57,51.89,52.18
2017-10-24,51.89,52.62,51.55,52.47
2017-10-23,52.07,52.3,51.68,51.9
2017-10-20,51.42,51.73,50.7,51.84
2017-10-19,52.05,52.17,51.07,51.29
2017-10-18,51.94,52.33,51.69,52.04
2017-10-17,51.93,52.25,51.21,51.88
2017-10-16,51.43,52.37,51.35,51.87
2017-10-13,50.73,51.72,50.7,51.45
2017-10-12,51,51.13,50.15,50.6
2017-10-11,50.94,51.42,50.61,51.3
2017-10-10,49.55,51.06,49.54,50.92
2017-10-09,49.25,49.79,49.13,49.58
2017-10-06,50.75,50.82,49.1,49.29
2017-10-05,49.88,51.22,49.85,50.79
2017-10-04,50.16,50.67,49.76,49.98
2017-10-03,50.59,50.73,50.14,50.42
2017-10-02,51.64,51.71,50.07,50.58
2017-09-29,51.58,51.77,51.25,51.67
2017-09-28,52.05,52.86,51.22,51.56
2017-09-27,52.09,52.34,51.63,52.14
2017-09-26,52.12,52.43,51.43,51.88
2017-09-25,50.68,52.28,50.39,52.22
2017-09-22,50.73,50.78,50.29,50.66
2017-09-21,50.44,50.81,50.07,50.55
2017-09-20,49.84,50.65,49.75,50.41
2017-09-19,49.91,50.42,49.33,49.48
2017-09-18,49.85,50.33,49.19,49.91
2017-09-15,49.72,50.13,49.41,49.89
2017-09-14,49.31,50.5,49.15,49.89
2017-09-13,48.34,49.4,48.12,49.3
2017-09-12,48.12,48.44,47.73,48.23
2017-09-11,47.58,48.27,47,48.07
2017-09-08,49.07,49.26,47.27,47.48
2017-09-07,49.14,49.33,48.63,49.09
2017-09-06,48.59,49.42,48.52,49.16
2017-09-05,47.28,48.98,47.15,48.66
2017-09-01,47.08,47.35,46.56,47.29
2017-08-31,45.95,47.47,45.58,47.23
2017-08-30,46.31,46.72,45.84,45.96
2017-08-29,46.86,46.96,45.76,46.44
2017-08-28,47.89,48.2,46.15,46.57
2017-08-25,47.62,47.91,47.39,47.87
2017-08-24,48.36,48.43,47.06,47.43
2017-08-23,48.015,48.5,47.53,48.41
2017-08-22,47.45,48.03,47.2,47.64
2017-08-21,48.72,48.75,47.03,47.37
2017-08-18,46.93,48.74,46.78,48.51
2017-08-17,46.8,47.19,46.46,47.09
2017-08-16,47.72,47.99,46.67,46.78
2017-08-15,47.49,47.9,47.02,47.55
2017-08-14,48.79,49.16,47.43,47.59
2017-08-11,48.52,48.98,47.98,48.82
2017-08-10,49.68,50.22,48.35,48.59
2017-08-09,49,49.72,48.9,49.56
2017-08-08,49.31,49.79,48.86,49.17
2017-08-07,49.59,49.73,48.54,49.39
2017-08-04,48.95,49.64,48.5,49.58
2017-08-03,49.59,49.96,48.78,49.03
2017-08-02,48.8,49.65,48.55,49.59
2017-08-01,50.21,50.43,48.37,49.16
2017-07-31,49.85,50.41,49.18,50.17
2017-07-28,49.17,49.81,48.86,49.71
2017-07-27,48.7,49.24,48.25,49.04
2017-07-26,48.51,48.87,47.86,48.75
2017-07-25,46.46,48.66,46.38,47.89
2017-07-24,45.62,46.53,45.4,46.34
2017-07-21,46.375,47.21,45.54,45.77
2017-07-20,47.09,47.55,46.66,46.79
2017-07-19,46.25,47.26,46.14,47.12
2017-07-18,45.99,46.92,45.81,46.4
2017-07-17,46.68,46.88,45.89,46.02
2017-07-14,46.08,46.74,45.8,46.54
2017-07-13,45.44,46.28,44.99,46.08
2017-07-12,45.74,46.48,45.11,45.49
2017-07-11,44.58,45.81,43.83,45.04
2017-07-10,44.35,44.84,43.65,44.4
2017-07-07,45.35,45.42,43.78,44.23
2017-07-06,45.65,46.53,45.18,45.52
2017-07-05,47.04,47.32,44.52,45.13
2017-07-03,46.28,47.1,45.92,47.07
2017-06-30,44.89,46.35,44.88,46.04
2017-06-29,44.89,45.45,44.65,44.93
2017-06-28,43.7,44.9,43.67,44.74
2017-06-27,43.49,44.44,43.32,44.24
2017-06-26,43.16,43.65,42.63,43.38
2017-06-23,42.8,43.2,42.53,43.01
2017-06-22,42.55,43.31,42.26,42.74
2017-06-21,43.13,44.2,42.06,42.53
2017-06-20,44.11,44.4,42.75,43.23
2017-06-19,44.68,45.06,44.05,44.2
2017-06-16,44.25,44.94,44.24,44.74
2017-06-15,44.69,44.81,44.22,44.46
2017-06-14,45.94,46.49,44.55,44.73
2017-06-13,46.01,46.57,45.56,46.46
2017-06-12,45.8,46.71,45.66,46.08
2017-06-09,45.71,46.18,45.27,45.83
2017-06-08,45.85,46.18,45.2,45.64
2017-06-07,47.98,48.23,45.65,45.72
2017-06-06,47.4,48.4,46.94,48.19
2017-06-05,47.71,48.42,46.86,47.4
2017-06-02,48.04,48.19,46.74,47.66
2017-06-01,48.63,49.17,47.9,48.36
2017-05-31,49.65,49.71,47.73,48.32
2017-05-30,49.93,50.28,49.03,49.66
2017-05-26,48.75,49.94,48.18,49.8
2017-05-25,51.25,52,48.45,48.9
2017-05-24,51.44,51.88,51.06,51.36
2017-05-23,51.18,51.79,50.57,51.47
2017-05-22,50.6,51.06,50.44,50.73
2017-05-19,49.28,50.53,49.28,50.33
2017-05-18,48.93,49.6,48.05,49.35
2017-05-17,48.23,49.5,48.03,49.07
2017-05-16,48.82,49.34,48.17,48.66
2017-05-15,47.85,49.66,47.75,48.85
2017-05-12,47.81,48.07,47.35,47.84
2017-05-11,47.39,48.22,47.34,47.83
2017-05-10,46.18,47.78,46.01,47.33
2017-05-09,46.49,46.78,45.53,45.88
2017-05-08,46.35,46.98,45.73,46.43
2017-05-05,45.51,46.68,43.76,46.22
2017-05-04,47.6,47.75,45.29,45.52
2017-05-03,48.12,48.23,47.3,47.82
2017-05-02,48.78,49.28,47.35,47.66
2017-05-01,49.17,49.32,48.59,48.84
2017-04-28,49.27,49.76,48.8,49.33
2017-04-27,49.22,49.43,48.2,48.97
2017-04-26,49.36,50.2,48.95,49.62
2017-04-25,49.22,49.83,48.87,49.56
2017-04-24,49.68,50.22,49.03,49.23
2017-04-21,50.065,50.93,49.2,49.62
2017-04-20,50.63,50.97,50.18,50.27
2017-04-19,52.36,52.65,50.09,50.44
2017-04-18,52.75,52.85,52.1,52.41
2017-04-17,52.97,53.21,52.55,52.65
2017-04-13,52.85,53.39,52.82,53.18
2017-04-12,53.4,53.76,52.71,53.11
2017-04-11,53.13,53.45,52.7,53.4
2017-04-10,52.31,53.18,52.29,53.08
2017-04-07,51.7,52.94,51.49,52.24
2017-04-06,50.8,51.82,50.77,51.7
2017-04-05,51.18,51.88,50.74,51.15
2017-04-04,50.24,51.3,49.88,51.03
2017-04-03,50.69,50.83,50.12,50.24
2017-03-31,50.32,50.85,49.9,50.6
2017-03-30,49.6,50.47,49.27,50.35
2017-03-29,48.47,49.63,48.38,49.51
2017-03-28,47.89,48.74,47.8,48.37
2017-03-27,48.12,48.28,47.08,47.73
2017-03-24,47.67,48.2,47.54,47.97
2017-03-23,48.15,48.48,47.58,47.7
2017-03-22,48.16,48.32,47.01,48.04
2017-03-21,47.93,48.73,47.23,47.5
2017-03-20,48.7,48.74,47.84,48.22
2017-03-17,48.79,49.2,48.6,48.78
2017-03-16,49.01,49.62,48.45,48.75
2017-03-15,48.76,49.04,48.16,48.86
2017-03-14,48.45,48.79,47.09,47.72
2017-03-13,48.45,48.68,47.9,48.4
2017-03-10,49.61,50.11,48.31,48.49
2017-03-09,50.22,50.84,48.59,49.28
2017-03-08,52.79,52.92,50.05,50.28
2017-03-07,53.17,53.8,52.71,53.14
2017-03-06,53.19,53.56,52.76,53.2
2017-03-03,52.58,53.39,52.55,53.33
2017-03-02,53.69,53.8,52.54,52.61
2017-03-01,53.95,54.44,53.63,53.83
2017-02-28,54.04,54.23,53.18,54.01
2017-02-27,54.02,54.61,53.94,54.05
2017-02-24,54.33,54.51,53.76,53.99
2017-02-23,53.91,54.94,53.87,54.45
2017-02-22,53.47,53.59,53.35,53.59
2017-02-21,53.48,54.68,53.35,54.06
2017-02-17,53.47,53.52,52.88,53.4
2017-02-16,53.01,53.59,52.68,53.36
2017-02-15,53,53.51,52.73,53.11
2017-02-14,52.91,53.72,52.86,53.2
2017-02-13,53.8,53.95,52.77,52.93
2017-02-10,53.15,54.13,52.9,53.86
2017-02-09,52.37,53.21,52.37,53
2017-02-08,51.64,52.67,51.22,52.34
2017-02-07,53.14,53.24,51.63,52.17
2017-02-06,53.81,54.13,52.91,53.04
2017-02-03,53.68,54.22,53.4,53.83
2017-02-02,53.57,54.34,53.35,53.55
2017-02-01,52.76,53.91,52.64,53.82
2017-01-31,52.6,53.56,52.24,52.74
2017-01-30,53.15,53.46,52.41,52.63
2017-01-27,53.74,54.08,52.58,53.17
2017-01-26,52.96,54.06,52.79,53.76
2017-01-25,52.95,53.47,52.56,52.75
2017-01-24,52.86,53.56,52.67,53.16
2017-01-23,53.33,53.47,52.21,52.75
2017-01-20,51.45,52.9,51.39,52.33
2017-01-19,51.39,51.87,51.02,51.37
2017-01-18,52.52,52.79,50.91,51.08
2017-01-17,52.55,53.52,52.12,52.49
2017-01-13,53.05,53.17,52.27,52.37
2017-01-12,52.37,53.5,52.12,53.04
2017-01-11,50.81,52.78,50.75,52.16
2017-01-10,51.83,52.37,50.71,50.84
2017-01-09,53.75,53.83,51.76,51.94
2017-01-06,53.73,54.32,53.32,53.99
2017-01-05,53.39,54.12,52.79,53.75
2017-01-04,52.49,53.43,52.15,53.26
2017-01-03,54.2,55.24,52.11,52.32
2017-01-02,53.81,53.81,53.81,53.81
2016-12-30,53.87,54.09,53.41,53.67
2016-12-29,53.66,54.21,53.46,53.76
2016-12-28,53.93,54.37,53.56,54.04
2016-12-27,53.29,54.1,53.03,53.84
2016-12-23,52.68,53.28,52.26,53.02
2016-12-22,52.52,53.19,52.08,52.95
2016-12-21,53.055,53.79,52.32,52.56
2016-12-20,52.11,52.7,51.85,52.22
2016-12-19,52.15,52.52,51.51,52.12
2016-12-16,51.1,52.08,50.5,51.95
2016-12-15,50.79,51.48,49.95,50.9
2016-12-14,52.45,52.78,50.67,51.04
2016-12-13,52.51,53.41,52.35,52.91
2016-12-12,52.58,54.51,52.18,52.77
2016-12-09,50.92,51.66,50.86,51.44
2016-12-08,49.88,50.98,49.61,50.87
2016-12-07,50.93,51.2,49.72,49.83
2016-12-06,50.97,51.6,50.28,50.91
2016-12-05,51.46,52.42,50.93,51.54
2016-12-02,51.01,51.73,50.18,51.61
2016-12-01,49.07,51.8,48.98,51.1
2016-11-30,45.24,49.9,45.22,49.36
2016-11-29,46.88,46.98,44.82,45.28
2016-11-28,45.43,47.65,45.14,47.08
2016-11-25,47.97,48.26,45.88,46.06
2016-11-23,47.94,48.43,47.4,47.96
2016-11-22,48.185,49.2,47.17,48.07
2016-11-21,45.83,47.8,45.77,47.48
2016-11-18,44.93,45.77,44.55,45.57
2016-11-17,45.37,46.58,44.88,45.27
2016-11-16,45.77,46.41,45.03,45.57
2016-11-15,43.76,46.09,43.55,45.82
2016-11-14,43.2,43.81,42.2,43.32
2016-11-11,44.35,44.63,43.03,43.25
2016-11-10,45.31,45.64,44.25,44.59
2016-11-09,44.82,45.95,43.07,45.21
2016-11-08,44.97,45.39,44.41,44.96
2016-11-07,44.45,45.01,44.11,44.89
2016-11-04,44.63,44.87,43.57,44.09
2016-11-03,45.48,45.9,44.37,44.68
2016-11-02,46.32,46.47,44.96,45.34
2016-11-01,46.77,47.35,46.2,46.75
2016-10-31,48.25,48.74,46.63,46.82
2016-10-28,49.61,49.81,48.42,48.76
2016-10-27,49.22,50.06,49,49.66
2016-10-26,49.31,50.1,48.87,49.12
2016-10-25,50.49,50.93,49.27,49.81
2016-10-24,50.85,50.98,49.62,50.52
2016-10-21,50.615,51.02,50.21,50.84
2016-10-20,51.4,51.58,50.25,50.43
2016-10-19,50.77,51.93,50.69,51.52
2016-10-18,50.04,50.78,49.76,50.32
2016-10-17,50.23,50.58,49.47,49.95
2016-10-14,50.58,51.14,49.9,50.33
2016-10-13,50,50.59,49.36,50.4
2016-10-12,50.84,51.17,49.89,50.2
2016-10-11,51.1,51.54,50.39,50.73
2016-10-10,49.57,51.6,49.15,51.24
2016-10-07,50.59,50.74,49.4,49.76
2016-10-06,49.65,50.63,49.33,50.46
2016-10-05,49.26,49.97,49.1,49.73
2016-10-04,48.65,49.26,48.26,48.63
2016-10-03,48.04,49.02,47.78,48.71
2016-09-30,47.76,48.3,47.04,48.24
2016-09-29,47.2,48.32,46.6,47.83
2016-09-28,44.96,47.45,44.35,47.29
2016-09-27,45.62,45.96,44.19,44.67
2016-09-26,44.62,46.2,44.43,45.78
2016-09-23,46.07,46.55,44.22,44.54
2016-09-22,45.62,46.52,45.52,46.32
2016-09-21,45.475,45.65,45.3,45.3
2016-09-20,43.13,44.05,42.55,43.85
2016-09-19,43.18,44.15,43.12,43.42
2016-09-16,43.71,43.75,42.74,43.03
2016-09-15,43.7,44.34,43.26,43.87
2016-09-14,45,45.33,43.42,43.6
2016-09-13,46.06,46.13,44.77,44.88
2016-09-12,45.57,46.51,44.72,46.25
2016-09-09,47.36,47.36,45.56,45.88
2016-09-08,46.12,47.75,45.77,47.63
2016-09-07,44.85,46.17,44.55,45.5
2016-09-06,44.15,46.53,43.84,44.87
2016-09-02,43.55,44.67,43.16,44.33
2016-09-01,44.85,45.08,43,43.24
2016-08-31,46.24,46.41,44.51,44.7
2016-08-30,46.98,47.49,46.21,46.34
2016-08-29,47.22,47.28,46.62,46.98
2016-08-26,47.37,48.46,46.94,47.64
2016-08-25,46.8,47.46,46.42,47.33
2016-08-24,47.59,47.74,46.45,46.75
2016-08-23,47.455,48.32,46.59,48.14
2016-08-22,48.4,48.4,46.75,46.81
2016-08-19,48.33,48.75,47.93,48.52
2016-08-18,46.9,48.38,46.63,48.22
2016-08-17,46.37,46.95,45.84,46.79
2016-08-16,45.59,46.73,45.34,46.65
2016-08-15,44.74,45.93,44.38,45.73
2016-08-12,43.46,44.78,43.31,44.49
2016-08-11,41.48,43.86,41.1,43.42
2016-08-10,42.74,43.39,41.42,41.71
2016-08-09,42.83,43.52,42.47,42.71
2016-08-08,41.99,43.39,41.81,43.04
2016-08-05,41.84,42.1,41.06,41.8
2016-08-04,41.16,42.08,40.43,41.86
2016-08-03,39.7,41.2,39.19,40.83
2016-08-02,40.08,40.91,39.26,39.52
2016-08-01,41.35,41.88,39.82,40.06
2016-07-29,41.12,41.67,40.57,41.53
2016-07-28,41.93,42.22,41.04,41.14
2016-07-27,42.66,43.2,41.68,41.92
2016-07-26,43.07,43.39,42.36,42.92
2016-07-25,44.2,44.37,42.97,43.18
2016-07-22,44.6,44.97,43.74,44.27
2016-07-21,45.305,46.09,44.52,44.73
2016-07-20,44.59,45.25,43.69,44.85
2016-07-19,45.23,45.67,44.53,44.73
2016-07-18,46.12,46.14,44.86,45.33
2016-07-15,45.52,46.33,45.05,45.92
2016-07-14,45.14,45.8,44.95,45.52
2016-07-13,46.58,46.69,44.56,44.92
2016-07-12,44.58,46.93,44.51,46.7
2016-07-11,45.07,45.77,44.42,44.77
2016-07-08,45.19,45.97,44.77,45.32
2016-07-07,47.88,48.25,44.87,45.19
2016-07-06,46.83,47.95,45.92,47.36
2016-07-05,49.11,49.35,46.33,46.65
2016-07-01,48.38,49.3,47.9,48.99
2016-06-30,49.55,49.62,48.17,48.33
2016-06-29,48.06,50,47.98,49.73
2016-06-28,46.59,48.18,46.54,47.86
2016-06-27,47.81,47.96,45.83,46.33
2016-06-24,50.3,50.45,46.7,47.62
2016-06-23,49.08,50.23,49.08,50.11
2016-06-22,49.47,50.54,48.4,49.1
2016-06-21,49.14,49.32,48.16,48.85
2016-06-20,48.29,49.42,48.14,49.32
2016-06-17,45.99,48.29,45.83,48
2016-06-16,47.45,47.75,45.91,46.24
2016-06-15,47.9,48.72,47.28,48.01
2016-06-14,48.52,48.69,47.84,48.47
2016-06-13,48.85,49.28,48.16,48.83
2016-06-10,50.47,50.73,48.8,49.07
2016-06-09,51.45,51.67,50.23,50.53
2016-06-08,50.41,51.62,50.32,51.18
2016-06-07,49.71,50.53,49.44,50.37
2016-06-06,48.88,49.9,48.71,49.68
2016-06-03,49.04,49.41,48.33,48.7
2016-06-02,48.9,49.47,47.97,49.07
2016-06-01,48.82,49.25,47.75,49.09
2016-05-31,49.54,50.1,48.81,49.07
2016-05-27,49.31,49.6,48.69,49.33
2016-05-26,49.7,50.21,49.22,49.47
2016-05-25,49.09,49.75,48.65,49.51
2016-05-24,48.08,49.27,47.64,48.62
2016-05-23,48.46,48.5,47.4,48.11
2016-05-20,48.2,48.79,47.44,47.67
2016-05-19,47.87,48.28,46.73,48.16
2016-05-18,48.53,48.95,47.75,48.15
2016-05-17,47.9,48.76,47.53,48.31
2016-05-16,46.28,47.98,46.15,47.71
2016-05-13,46.41,46.49,45.75,46.2
2016-05-12,46,47.02,45.61,46.52
2016-05-11,44.6,46.36,43.96,46.17
2016-05-10,43.25,44.79,43.03,44.66
2016-05-09,45,45.94,43.24,43.44
2016-05-06,44.52,45.34,43.54,44.61
2016-05-05,44.04,46.07,43.96,44.32
2016-05-04,43.85,44.88,43.22,43.78
2016-05-03,44.92,45.35,43.32,43.65
2016-05-02,45.9,46.15,44.54,44.77
2016-04-29,45.9,46.78,45.24,45.91
2016-04-28,45.3,46.14,44.94,46.01
2016-04-27,44.64,45.62,43.77,45.24
2016-04-26,42.96,44.83,42.5,43.91
2016-04-25,43.75,44.04,42.58,42.64
2016-04-22,43.42,44.45,43.11,43.73
2016-04-21,43.77,44.49,43.05,43.23
2016-04-20,40.8,42.91,39.85,42.74
2016-04-19,40.04,41.53,39.58,41.08
2016-04-18,38.75,40.24,37.61,39.78
2016-04-15,41.43,41.73,39.98,40.36
2016-04-14,41.54,42.16,40.84,41.42
2016-04-13,41.63,42.42,41.24,41.76
2016-04-12,40.35,42.25,40.09,42.07
2016-04-11,39.72,40.75,39.25,40.41
2016-04-08,37.52,39.84,37.45,39.65
2016-04-07,37.76,38.3,36.69,37.26
2016-04-06,36.52,37.9,36.43,37.69
2016-04-05,35.5,36.58,35.24,35.89
2016-04-04,36.61,37.21,35.46,35.75
2016-04-01,38.14,38.56,36.63,36.77
2016-03-31,38.3,39.04,37.57,38.34
2016-03-30,38.52,39.85,38.14,38.37
2016-03-29,39.32,39.48,37.91,38.31
2016-03-28,39.55,40.14,38.86,39.34
2016-03-24,39.73,39.77,38.33,39.48
2016-03-23,41.19,41.34,39.67,39.8
2016-03-22,41.335,41.9,40.77,41.41
2016-03-21,39.06,40.3,38.61,39.91
2016-03-18,40.25,41.2,39.15,39.47
2016-03-17,38.59,40.36,38.47,40.19
2016-03-16,36.74,38.63,36.61,38.5
2016-03-15,37.37,37.4,35.96,36.33
2016-03-14,38.17,38.77,36.68,37.22
2016-03-11,37.99,39.02,37.92,38.5
2016-03-10,38.17,38.48,37.21,37.84
2016-03-09,36.36,38.51,36.24,38.2
2016-03-08,37.94,38.39,36.12,36.49
2016-03-07,36.2,38.11,36.09,37.89
2016-03-04,34.66,36.34,34.4,35.91
2016-03-03,34.73,35.32,34.19,34.57
2016-03-02,33.89,35.17,33.55,34.57
2016-03-01,33.9,34.76,33.37,34.4
2016-02-29,32.72,33.98,32.32,33.75
2016-02-26,33.04,34.69,32.64,32.71
2016-02-25,32.19,33.49,31.07,33.13
2016-02-24,31.28,32.4,30.56,32.15
2016-02-23,32.375,33.53,31.22,31.85
2016-02-22,29.72,32.05,29.48,31.48
2016-02-19,30.6,30.73,29.05,29.6
2016-02-18,31.35,31.98,30.27,30.77
2016-02-17,29.14,31.49,28.73,30.66
2016-02-16,29.08,31.53,28.7,29.07
2016-02-12,27.3,29.66,26.95,29.44
2016-02-11,27.34,27.48,26.05,26.2
2016-02-10,28.36,29.22,27.24,27.58
2016-02-09,30.17,30.61,27.74,28.07
2016-02-08,30.97,31.38,29.57,29.72
2016-02-05,31.64,32.45,30.63,30.89
2016-02-04,32.71,33.6,31.53,31.67
2016-02-03,29.75,32.75,29.4,32.31
2016-02-02,31.37,31.53,29.57,29.88
2016-02-01,33.83,34.18,31.29,31.65
2016-01-29,33.7,34.4,32.65,33.66
2016-01-28,32.19,34.82,31.74,33.24
2016-01-27,30.55,32.84,30.14,32.29
2016-01-26,29.81,32.41,29.25,31.45
2016-01-25,32.05,32.74,29.68,30.39
2016-01-22,29.84,32.35,29.53,32.19
2016-01-21,29.06,30.25,27.87,29.53
2016-01-20,28.33,28.58,26.19,26.76
2016-01-19,29.2,30.21,28.21,28.46
2016-01-15,31.18,31.18,29.13,29.4
2016-01-14,30.6,31.77,30.28,31.27
2016-01-13,30.54,31.71,30.1,30.42
2016-01-12,31.11,32.21,29.93,30.44
2016-01-11,32.94,33.2,30.88,31.41
2016-01-08,33.3,34.34,32.64,33.15
2016-01-07,34.09,34.26,32.1,33.28
2016-01-06,36.18,36.39,33.77,33.97
2016-01-05,36.9,37.1,35.74,35.95
2016-01-04,37.6,38.39,36.33,36.76
2015-12-31,36.81,37.79,36.22,37.04
2015-12-30,37.36,37.4,36.4,36.57
2015-12-29,36.7,37.94,36.66,37.87
2015-12-28,38,38.09,36.6,36.81
2015-12-24,37.86,38.28,37.38,38.09
2015-12-23,36.47,37.95,36.28,37.5
2015-12-22,36.1,36.54,35.66,36.16
2015-12-21,34.58,34.86,33.98,34.74
2015-12-18,34.87,35.57,34.29,34.67
2015-12-17,35.8,35.84,34.63,34.95
2015-12-16,36.79,37.35,35.29,35.52
2015-12-15,36.32,37.88,36.03,37.35
2015-12-14,35.4,36.7,34.53,36.33
2015-12-11,36.63,36.84,35.16,35.65
2015-12-10,37.27,37.54,36.38,36.77
2015-12-09,37.86,38.99,36.87,37.21
2015-12-08,37.68,38.58,36.64,37.51
2015-12-07,40.1,40.15,37.5,37.65
2015-12-04,41.31,42,39.6,39.97
2015-12-03,40.15,41.78,40.07,41.13
2015-12-02,41.69,41.97,39.84,39.94
2015-12-01,41.73,42.23,41.17,41.76
2015-11-30,41.77,42.61,41.5,41.63
2015-11-27,43.25,43.3,41.67,41.74
2015-11-25,42.69,43.25,41.72,42.99
2015-11-24,42.04,43.46,41.86,42.87
2015-11-23,41.49,42.75,40.41,41.75
2015-11-20,40.54,40.99,38.99,39.39
2015-11-19,40.72,41.05,39.89,40.55
2015-11-18,41.11,41.55,39.91,40.76
2015-11-17,41.96,42.03,40.58,40.67
2015-11-16,40.92,42.25,40.06,41.74
2015-11-13,41.61,42.21,40.22,40.65
2015-11-12,43.05,43.33,41.54,41.75
2015-11-11,43.63,44.11,42.62,42.93
2015-11-10,44.1,44.76,43.57,44.23
2015-11-09,44.52,45.12,43.64,43.88
2015-11-06,45.41,45.64,44.11,44.29
2015-11-05,46.57,46.65,45.12,45.32
2015-11-04,47.74,48.28,46.17,46.32
2015-11-03,46.11,48.36,45.96,47.91
2015-11-02,46.43,46.73,45.56,46.14
2015-10-30,45.74,47.03,45.48,46.59
2015-10-29,46.06,46.79,45.16,46.04
2015-10-28,43.44,46.22,43.06,45.94
2015-10-27,43.78,43.91,42.58,43.2
2015-10-26,44.74,44.94,43.64,44.08
2015-10-23,45.44,45.75,44.2,44.6
2015-10-22,45.27,46.1,44.9,45.38
2015-10-21,45.045,45.23,44.86,45.23
2015-10-20,46.25,46.52,45.23,45.84
2015-10-19,47.27,47.49,45.85,45.89
2015-10-16,46.87,47.5,46.16,47.28
2015-10-15,46.28,47.02,45.23,46.4
2015-10-14,46.69,46.96,45.94,46.61
2015-10-13,47.46,48.43,46.44,46.68
2015-10-12,49.51,50.13,47.04,47.1
2015-10-09,49.69,50.92,49.17,49.64
2015-10-08,48.11,50.07,47.76,49.46
2015-10-07,49,49.71,47.7,47.94
2015-10-06,46.2,49.08,45.73,48.52
2015-10-05,45.65,46.94,45.21,46.33
2015-10-02,45.07,45.81,43.97,45.54
2015-10-01,45.38,47.1,44.63,44.74
2015-09-30,44.92,45.85,44.68,45.07
2015-09-29,44.5,45.7,44.3,45.23
2015-09-28,45.38,45.5,44.3,44.45
2015-09-25,45.05,46.38,44.86,45.7
2015-09-24,44.62,45.18,43.71,44.91
2015-09-23,45.78,47.15,44.41,44.55
2015-09-22,46.45,46.48,45.14,45.83
2015-09-21,44.97,46.74,44.69,46.68
2015-09-18,46.89,47.03,44.24,44.71
2015-09-17,47.13,47.71,46.33,46.9
2015-09-16,45.16,47.35,44.82,47.15
2015-09-15,44.11,45.25,43.92,44.59
2015-09-14,44.78,44.97,43.59,44.05
2015-09-11,45.71,45.88,44.16,44.63
2015-09-10,44.16,46.04,43.36,45.92
2015-09-09,45.79,46.26,44.05,44.15
2015-09-08,45.82,46.41,44.14,45.89
2015-09-04,46.68,47.23,45.61,46.05
2015-09-03,46.11,48.42,45.65,46.82
2015-09-02,44.26,46.77,43.21,46.25
2015-09-01,48.1,48.87,44.15,45.49
2015-08-31,45,49.33,43.6,49.07
2015-08-28,42.68,45.9,41.78,45.22
2015-08-27,38.96,42.86,38.95,42.4
2015-08-26,39.69,39.86,38.52,38.67
2015-08-25,38.18,39.89,38.16,39.32
2015-08-24,40.3,40.47,37.75,38.24
2015-08-21,40.63,41.4,39.86,40.4
2015-08-20,40.58,41.48,40.21,40.94
2015-08-19,42.41,42.68,40.4,40.77
2015-08-18,41.88,42.9,41.43,42.62
2015-08-17,42.18,42.69,41.64,41.8
2015-08-14,42.23,42.96,41.35,42.33
2015-08-13,43.34,43.72,41.91,42.21
2015-08-12,43.27,43.87,42.8,43.24
2015-08-11,44.81,45.34,42.69,43.1
2015-08-10,43.58,45.01,43.35,44.96
2015-08-07,44.82,45.16,43.7,43.91
2015-08-06,45.16,45.27,44.2,44.66
2015-08-05,45.96,46.7,44.83,45.15
2015-08-04,45.35,46.23,45.29,45.74
2015-08-03,46.86,46.94,45.08,45.17
2015-07-31,48.47,48.62,46.7,47.13
2015-07-30,48.83,49.36,48.34,48.52
2015-07-29,47.81,49.52,47.39,48.77
2015-07-28,47.02,48.44,46.68,47.91
2015-07-27,48,48.2,46.91,47.39
2015-07-24,48.79,49.03,47.72,48.14
2015-07-23,49.23,49.63,48.21,48.45
2015-07-22,49.155,49.27,49.04,49.27
2015-07-21,49.95,51.02,49.77,50.59
2015-07-20,50.76,51.26,49.85,50.15
2015-07-17,50.91,51.23,50.14,50.89
2015-07-16,51.62,52.17,50.84,50.92
2015-07-15,53.4,53.5,51.21,51.42
2015-07-14,52,53.43,50.88,53
2015-07-13,52.15,53.17,51.26,52.19
2015-07-10,52.48,53.89,51.96,52.72
2015-07-09,51.83,53.54,51.48,52.78
2015-07-08,52.91,52.96,50.91,51.53
2015-07-07,52.75,53.43,50.58,52.36
2015-07-06,54.9,55.34,52.41,52.53
2015-07-03,56.42,56.79,55.41,55.52
2015-07-02,56.87,57.95,56.5,56.93
2015-07-01,58.98,58.98,56.68,56.96
2015-06-30,58.27,59.69,57.94,59.47
2015-06-29,58.84,59.27,58.04,58.33
2015-06-26,59.66,59.96,58.76,59.66
2015-06-25,60.22,60.46,59.43,59.73
2015-06-24,61.14,61.57,59.8,60.27
2015-06-23,60.52,61.49,59.55,61.01
2015-06-22,59.44,60.3,58.93,60.01
2015-06-19,60.5,60.56,58.88,59.66
2015-06-18,59.78,60.89,59.25,60.42
2015-06-17,60.03,61.38,58.85,59.83
2015-06-16,59.6,60.37,59.42,59.99
2015-06-15,59.9,59.98,58.73,59.53
2015-06-12,60.55,60.63,59.73,59.97
2015-06-11,61.14,61.53,60.21,60.74
2015-06-10,60.58,61.82,60.45,61.43
2015-06-09,58.31,60.68,58.23,60.14
2015-06-08,58.96,59.13,57.86,58.13
2015-06-05,57.99,59.23,56.83,59.09
2015-06-04,59.57,59.94,57.83,58.02
2015-06-03,61.02,61.43,59.34,59.66
2015-06-02,60.18,61.58,60.09,61.32
2015-06-01,60.29,60.64,59.33,60.22
2015-05-29,57.97,60.7,57.72,60.31
2015-05-28,57.63,58.07,56.51,57.69
2015-05-27,58.32,58.95,57.36,57.55
2015-05-26,60.05,60.25,57.71,58.05
2015-05-22,60.66,60.8,59.35,59.68
2015-05-21,58.81,60.94,58.69,60.72
2015-05-20,58.57,59.04,58.1,58.98
2015-05-19,59.54,59.63,57.09,57.3
2015-05-18,59.85,60.88,59.06,59.45
2015-05-15,59.67,59.97,58.42,59.69
2015-05-14,60.1,60.84,59.36,59.84
2015-05-13,61.46,61.85,60.02,60.43
2015-05-12,59.22,61.15,59.12,60.66
2015-05-11,59.43,59.85,58.87,59.25
2015-05-08,59.02,59.9,58.14,59.42
2015-05-07,60.69,61.31,58.49,59
2015-05-06,60.72,62.58,60.54,60.95
2015-05-05,58.95,61.1,58.63,60.4
2015-05-04,59.3,59.73,58.45,58.93
2015-05-01,59.79,59.9,58.32,59.13
2015-04-30,58.55,59.85,58.38,59.47
2015-04-29,56.93,59.33,56.54,58.5
2015-04-28,56.65,57.83,56.07,57.03
2015-04-27,57.3,57.89,56.52,56.95
2015-04-24,57.53,57.95,56.5,57.16
2015-04-23,56.28,58.41,55.76,57.6
2015-04-22,56.46,57.19,55.73,56.16
2015-04-21,56.41,56.91,55.01,55.57
2015-04-20,56.16,57.17,54.85,56.41
2015-04-17,56.56,56.88,55.31,55.73
2015-04-16,55.92,57.42,55.07,56.72
2015-04-15,53.55,56.69,53.39,56.24
2015-04-14,52.05,53.79,51.83,53.29
2015-04-13,51.81,53.1,51.47,51.93
2015-04-10,50.73,51.93,50.08,51.8
2015-04-09,51,52.07,50.51,50.85
2015-04-08,53.18,53.23,50.37,50.42
2015-04-07,51.95,54.13,51.17,53.97
2015-04-06,49.47,52.24,49.47,52.07
2015-04-03,49.14,49.14,49.14,49.14
2015-04-02,49.59,50.27,48.11,49.14
2015-04-01,47.55,50.45,47.05,49.88
2015-03-31,48.73,48.73,47.28,47.6
2015-03-30,48.57,49.16,47.61,48.59
2015-03-27,51.01,51.38,48.21,48.87
2015-03-26,49.02,52.48,48.73,51.43
2015-03-25,47.72,49.46,47,49.21
2015-03-24,47.46,48.56,46.67,47.46
2015-03-23,46.41,47.61,45.33,47.45
2015-03-20,43.99,46.53,43.31,46.57
2015-03-19,44.6,44.71,42.75,43.96
2015-03-18,42.51,45.34,42.03,44.66
2015-03-17,43.84,44.2,42.41,43.33
2015-03-16,44.81,45,42.85,43.85
2015-03-13,46.93,47.28,44.75,44.95
2015-03-12,48.44,48.76,46.86,47.17
2015-03-11,48.77,49.05,47.33,48.17
2015-03-10,50.08,50.36,48.2,48.5
2015-03-09,49.6,50.79,49.25,49.98
2015-03-06,50.89,51.22,48.88,49.61
2015-03-05,51.62,52.4,50.61,50.82
2015-03-04,50.61,51.99,49.6,51.43
2015-03-03,49.8,50.83,49.45,50.36
2015-03-02,49.45,51.04,48.71,49.63
2015-02-27,48.97,49.94,48.46,49.5
2015-02-26,51,51.22,47.8,48.17
2015-02-25,49.16,51.28,48.43,50.99
2015-02-24,49.42,50.33,48.68,49.28
2015-02-23,50.75,50.99,48.67,49.6
2015-02-20,51.24,51.85,49.91,50.81
2015-02-19,50.55,52.14,49.15,51.16
2015-02-18,53.24,53.41,50.32,52.13
2015-02-17,52.75,54.15,50.81,53.4
2015-02-13,51.35,53.43,51.03,52.63
2015-02-12,49.42,51.6,49.14,51.21
2015-02-11,50.98,51.14,48.05,48.87
2015-02-10,52.43,52.65,49.86,50.02
2015-02-09,52.01,53.99,51.65,53.05
2015-02-06,50.86,53.16,50.72,51.7
2015-02-05,48.67,52.1,47.36,50.53
2015-02-04,51.67,52.56,47.95,48.37
2015-02-03,49.79,54.24,49.69,53.07
2015-02-02,47.59,50.56,46.67,49.46
2015-01-30,44.63,48.35,44.31,48.19
2015-01-29,44.43,44.96,43.58,44.57
2015-01-28,45.83,45.83,44.08,44.49
2015-01-27,45.13,46.55,44.81,46.15
2015-01-26,45.2,46.41,44.35,45.15
2015-01-23,46.63,47.76,45.21,45.51
2015-01-22,47.35,49.09,45.87,46.4
2015-01-21,47.375,48.2,46.55,47.78
2015-01-20,48.69,48.77,45.89,46.39
2015-01-16,46.35,48.87,45.95,48.69
2015-01-15,48.6,51.27,46.07,46.27
2015-01-14,46.16,48.91,45.01,48.56
2015-01-13,45.69,46.79,44.2,45.89
2015-01-12,48.19,48.19,45.62,46.1
2015-01-09,48.92,49.61,47.16,48.42
2015-01-08,48.78,49.65,47.73,48.79
2015-01-07,48,49.31,46.83,48.65
2015-01-06,50,50.37,47.55,48.04
2015-01-05,52.61,52.73,49.68,50.04
2015-01-02,53.76,55.11,52.03,52.69
2014-12-31,53.87,54.02,52.44,53.46
2014-12-30,53.72,54.32,52.7,54.21
2014-12-29,55.05,55.74,52.9,53.68
2014-12-26,55.86,56.59,54.51,54.7
2014-12-24,56.8,57.15,55.07,55.84
2014-12-23,55.39,57.56,55.06,57.12
2014-12-22,57.75,58.53,55.13,55.26
2014-12-19,55.5,56.91,54.2,56.91
2014-12-18,55.83,58.73,54.05,54.24
2014-12-17,55.5,58.98,54.21,56.38
2014-12-16,55.4,57.15,53.6,56.08
2014-12-15,57.07,58.73,55.02,55.92
2014-12-12,59.17,59.57,57.34,57.83
2014-12-11,61.12,61.68,58.96,60.08
2014-12-10,63.33,63.43,60.43,61.03
2014-12-09,63.01,64.2,62.25,63.71
2014-12-08,65.46,65.55,62.78,63.15
2014-12-05,66.8,66.89,65.17,65.84
2014-12-04,67.4,68.22,66.09,66.77
2014-12-03,67.6,68.23,66.8,67.3
2014-12-02,69.24,69.32,66.67,66.96
2014-12-01,66,69.54,63.72,69
2014-11-28,73.5,73.56,65.69,66.15
2014-11-26,73.87,74.48,73.3,73.69
2014-11-25,75.51,76.58,73.71,74.09
2014-11-24,76.62,77.02,75.45,75.78
2014-11-21,76.29,77.83,75.62,76.51
2014-11-20,74.25,75.76,74.17,75.62
2014-11-19,74.23,75.4,73.88,74.54
2014-11-18,75.49,76.44,74.12,74.59
2014-11-17,75.93,76.18,74.71,75.64
2014-11-14,74.36,76.3,73.25,75.94
2014-11-13,76.95,77.16,74.07,74.18
2014-11-12,77.5,78.08,76.63,77.15
2014-11-11,77.18,78.04,76.42,77.94
2014-11-10,78.5,79.85,77.13,77.41
2014-11-07,77.86,79.41,77.47,78.67
2014-11-06,78.87,78.98,77.12,77.91
2014-11-05,77.36,79.35,76.46,78.68
2014-11-04,78.22,78.41,75.84,77.2
2014-11-03,80.59,80.98,78.08,78.78
2014-10-31,81.04,81.27,79.55,80.5
2014-10-30,81.93,82.09,80.72,80.88
2014-10-29,81.55,82.88,81.44,82.21
2014-10-28,80.64,81.66,80.36,81.42
2014-10-27,81.27,81.29,79.44,81
2014-10-24,81.95,81.95,80.36,81.07
2014-10-23,80.42,82.37,80.05,82
2014-10-22,82.55,83.15,80.22,80.52
2014-10-21,82.76,84.05,82.29,83.26
2014-10-20,83.13,83.48,81.55,82.71
2014-10-17,83.18,84.45,82.44,82.76
2014-10-16,81.06,84.83,79.78,82.6
2014-10-15,82.32,82.45,80.01,81.84
2014-10-14,84.98,85.6,81.32,81.83
2014-10-13,85.2,85.87,84.07,85.74
2014-10-10,84.39,86.29,83.59,85.82
2014-10-09,87.73,87.95,84.06,85.77
2014-10-08,88.43,88.63,86.83,87.29
2014-10-07,90.45,90.57,88.38,88.9
2014-10-06,89.77,90.74,88.76,90.34
2014-10-03,91.38,91.79,89.36,89.74
2014-10-02,90.74,91.54,88.18,91.01
2014-10-01,91.36,92.96,90.47,90.78
2014-09-30,94.34,94.9,90.86,91.21
2014-09-29,93.35,94.64,92.74,94.57
2014-09-26,92.47,93.86,92.23,93.5
2014-09-25,92.89,93.54,92.05,92.48
2014-09-24,91.72,93.29,91.12,92.8
2014-09-23,90.7,92.09,90.58,91.54
2014-09-22,92.22,92.64,91.2,91.46
2014-09-19,92.97,93.22,91.85,92.39
2014-09-18,93.97,94.82,92.85,93.1
2014-09-17,94.71,95.06,93.74,94.42
2014-09-16,92.81,95.19,92.46,94.91
2014-09-15,92.13,93.03,90.63,92.82
2014-09-12,93.05,93.67,91.96,92.24
2014-09-11,91.71,93.44,90.43,92.85
2014-09-10,92.79,93.03,91.22,91.74
2014-09-09,93.11,93.94,92.52,92.75
2014-09-08,93.49,93.62,91.8,92.68
2014-09-05,94.57,94.99,92.86,93.29
2014-09-04,95.07,95.39,94.16,94.45
2014-09-03,93.28,95.83,93.06,95.52
2014-09-02,95.81,95.91,92.68,92.88
2014-09-01,95.81,95.91,95.52,95.86
2014-08-29,94.56,96,94.48,95.96
2014-08-28,93.75,94.71,93.45,94.52
2014-08-27,93.88,94.24,93.36,93.88
2014-08-26,93.36,94.35,93.35,93.83
2014-08-25,93.34,93.95,93.05,93.35
2014-08-22,93.89,94.04,92.92,93.64
2014-08-21,93.49,94.45,92.5,93.95
2014-08-20,94.7,96.47,94.7,96.07
2014-08-19,96.56,97.05,94.26,94.43
2014-08-18,97.1,97.16,95.81,96.41
2014-08-15,95.5,97.41,95.32,97.31
2014-08-14,97.3,97.59,95.26,95.58
2014-08-13,97.2,97.78,96.75,97.59
2014-08-12,97.84,97.94,96.81,97.27
2014-08-11,97.54,98.58,97.37,98.08
2014-08-08,97.64,98.45,97.17,97.65
2014-08-07,96.89,97.72,96.55,97.36
2014-08-06,97.62,98.13,96.69,96.92
2014-08-05,98.41,98.67,97,97.38
2014-08-04,97.67,98.67,97.43,98.25
2014-08-01,97.7,98.1,97.09,97.79
2014-07-31,99.47,99.85,97.6,98.2
2014-07-30,101.03,101.67,99.42,100.19
2014-07-29,101.6,101.83,100.37,100.97
2014-07-28,101.87,102.1,100.9,101.66
2014-07-25,102.04,102.53,101,102.09
2014-07-24,103.2,103.31,101.88,102.07
2014-07-23,101.96,103.34,101.79,103.1
2014-07-22,104.58,105.25,103.89,104.42
2014-07-21,102.97,104.99,102.65,104.59
2014-07-18,103.72,103.94,102.58,103.09
2014-07-17,101.49,103.9,101.27,103.05
2014-07-16,100.21,101.6,100.07,101.2
2014-07-15,100.93,101.06,99.01,99.96
2014-07-14,100.46,101.2,100.22,101.02
2014-07-11,102.86,102.92,100.44,100.78
2014-07-10,101.95,103,101.55,102.95
2014-07-09,103.45,103.6,101.85,102.29
2014-07-08,103.39,104.2,103.01,103.33
2014-07-07,104.06,104.13,103.19,103.53
2014-07-03,104.27,104.29,103.67,104.02
2014-07-02,105.21,105.53,104.1,104.44
2014-07-01,105.44,106.09,104.6,105.32
2014-06-30,105.69,105.76,104.66,105.29
2014-06-27,105.64,106.19,105.33,105.74
2014-06-26,106.71,106.81,105.03,105.82
2014-06-25,106.14,107.5,105.47,106.5
2014-06-24,106.02,106.46,105.25,105.97
2014-06-23,107.42,107.45,105.91,106.17
2014-06-20,106.6,107.73,106.33,107.3
2014-06-19,106.11,106.7,105.32,106.4
2014-06-18,106.6,106.97,105.8,106.02
2014-06-17,106.59,107.18,106.01,106.29
2014-06-16,106.88,107.54,106.57,106.88
2014-06-13,106.84,107.68,106.37,106.86
2014-06-12,104.47,106.95,104.35,106.5
2014-06-11,104.3,104.81,104.17,104.4
2014-06-10,104.46,105.06,103.98,104.37
2014-06-09,102.78,104.57,102.62,104.38
2014-06-06,102.44,103.07,102.3,102.72
2014-06-05,102.37,102.69,101.6,102.52
2014-06-04,102.79,103.69,102.34,102.55
2014-06-03,102.44,102.86,102.23,102.72
2014-06-02,102.92,103.35,102.1,102.45
2014-05-30,103.51,103.56,102.4,102.73
2014-05-29,103.06,103.94,102.61,103.62
2014-05-28,104.14,104.39,102.64,102.72
2014-05-27,104.34,104.5,103.57,104.16
2014-05-23,103.71,104.5,103.64,104.36
2014-05-22,103.85,104.22,103.55,103.74
2014-05-21,102.96,104.29,102.78,104.02
2014-05-20,102.6,102.86,102.13,102.51
2014-05-19,102.13,103.09,101.97,102.65
2014-05-16,101.56,102.23,101.39,102.05
2014-05-15,102.03,102.26,101.27,101.49
2014-05-14,101.91,102.65,101.83,102.38
2014-05-13,100.63,102.05,100.36,101.73
2014-05-12,100.12,100.93,99.93,100.59
2014-05-09,100.27,101.18,99.71,100.01
2014-05-08,100.82,100.93,99.87,100.23
2014-05-07,99.83,100.99,99.78,100.78
2014-05-06,99.38,100.42,99.32,99.58
2014-05-05,99.96,100.44,98.91,99.43
2014-05-02,99.17,100.14,99.17,99.81
2014-05-01,99.72,99.89,99.09,99.44
2014-04-30,100.76,100.76,99.35,99.77
2014-04-29,100.89,102.2,100.71,101.21
2014-04-28,100.49,101.52,100.33,100.86
2014-04-25,101.93,102.05,100.48,100.53
2014-04-24,101.54,102.35,101.4,101.9
2014-04-23,101.86,102.08,101.2,101.5
2014-04-22,104.36,104.36,101.69,101.69
2014-04-21,104.54,104.77,103.85,104.3
2014-04-17,103.84,104.62,103.69,104.29
2014-04-16,103.76,104.99,103.12,103.78
2014-04-15,103.6,104.05,102.91,103.65
2014-04-14,103.56,104.55,103.34,103.98
2014-04-11,103.34,104.44,103.01,103.66
2014-04-10,103.44,103.81,103.1,103.38
2014-04-09,102.35,103.77,102.03,103.5
2014-04-08,100.69,102.71,100.68,102.59
2014-04-07,100.91,101.32,99.92,100.46
2014-04-04,100.38,101.63,100.28,101.15
2014-04-03,99.29,100.49,99.07,100.27
2014-04-02,99.64,99.83,98.86,99.64
2014-04-01,101.53,101.57,99.28,99.69
2014-03-31,101.69,101.97,100.88,101.57
2014-03-28,101.34,102.24,101.18,101.6
2014-03-27,100.3,101.7,100.03,101.28
2014-03-26,99.18,100.46,99.1,100.23
2014-03-25,99.43,100.25,98.8,99.19
2014-03-24,99.49,100.29,99.05,99.52
2014-03-21,98.59,100.25,98.25,99.48
2014-03-20,100.39,100.82,99.08,99.38
2014-03-19,99.53,100.47,99.34,100.33
2014-03-18,97.97,99.78,97.75,99.72
2014-03-17,99.39,99.39,97.37,98.01
2014-03-14,98.25,99.28,98.07,98.85
2014-03-13,98.1,98.48,97.69,98.24
2014-03-12,99.48,99.6,97.55,98.05
2014-03-11,100.94,101.52,99.32,99.98
2014-03-10,102.75,102.82,100.85,101.04
2014-03-07,101.97,102.91,101.57,102.51
2014-03-06,101.04,102.08,100.13,101.52
2014-03-05,103.35,103.53,100.85,101.34
2014-03-04,104.89,104.96,102.85,103.26
2014-03-03,103,105.22,102.95,104.93
2014-02-28,102.15,102.96,101.8,102.61
2014-02-27,102.57,103.08,101.75,102.42
2014-02-26,102.04,102.9,101.58,102.59
2014-02-25,102.8,102.84,101.02,101.89
2014-02-24,102.29,103.45,101.97,102.73
2014-02-21,102.87,102.92,101.69,102.18
2014-02-20,103.41,103.5,102.75,103.21
2014-02-19,103.14,103.8,102.4,103.56
2014-02-18,100.32,103.25,100.23,102.47
2014-02-14,100.34,100.47,99.43,100.27
2014-02-13,100.27,100.66,99.4,100.32
2014-02-12,100.46,101.38,100.04,100.34
2014-02-11,99.97,100.6,99.6,99.93
2014-02-10,100.05,100.55,99.11,100.07
2014-02-07,97.97,100.24,97.11,99.86
2014-02-06,97.25,98.83,97.25,97.82
2014-02-05,97.67,98.26,96.8,97.34
2014-02-04,96.53,97.82,96.37,97.19
2014-02-03,97.4,97.94,96.26,96.49
2014-01-31,97.97,98.39,97.1,97.53
2014-01-30,97.42,98.43,97.36,98.22
2014-01-29,97.17,97.75,96.32,97.34
2014-01-28,95.66,97.61,95.63,97.42
2014-01-27,96.9,97.18,95.21,95.71
2014-01-24,97.37,97.8,96.25,96.73
2014-01-23,96.69,97.84,96.41,97.36
2014-01-22,95.2,96.89,95.12,96.72
2014-01-21,94,95.23,93.43,94.88
2014-01-17,94.17,94.94,93.94,94.27
2014-01-16,94.29,94.64,93.6,93.92
2014-01-15,92.65,94.64,92.43,94.26
2014-01-14,91.51,92.88,91.5,92.55
2014-01-13,92.83,92.88,91.43,91.74
2014-01-10,92.3,93.38,91.99,92.65
2014-01-09,92.58,92.93,91.38,91.68
2014-01-08,93.96,94.18,92.26,92.37
2014-01-07,93.6,94.22,93.35,93.71
2014-01-06,94.18,94.59,93.2,93.48
2014-01-03,95.47,95.74,93.86,94.08
2014-01-02,98.5,98.97,95.34,95.51
2013-12-31,99.25,99.39,98.15,98.44
2013-12-30,100.15,100.42,99.13,99.25
2013-12-27,99.63,100.75,99.37,100.28
2013-12-26,99.2,99.7,99.05,99.52
2013-12-24,98.62,99.3,98.53,99.21
2013-12-23,99.2,99.31,98.64,98.88
2013-12-20,98.97,99.4,98.54,99.28
2013-12-19,97.69,99.17,97.5,98.63
2013-12-18,97.3,98.01,97.02,97.77
2013-12-17,97.3,97.9,97,97.21
2013-12-16,96.55,97.69,96.21,97.44
2013-12-13,97.58,97.62,96.26,96.59
2013-12-12,97.55,98.18,97.31,97.52
2013-12-11,98.65,98.75,97.2,97.48
2013-12-10,97.25,98.74,97.24,98.5
2013-12-09,97.66,97.97,97.1,97.42
2013-12-06,97.38,98.07,97.08,97.65
2013-12-05,97.33,97.99,97.01,97.43
2013-12-04,96.9,97.58,96.3,97.04
2013-12-03,93.86,96.96,93.67,96.05
2013-12-02,92.71,94.08,92.56,93.99
2013-11-29,92.33,93.9,92.06,92.74
2013-11-27,93.5,93.6,91.77,92.28
2013-11-26,94.21,94.69,93.43,93.68
2013-11-25,94.15,94.5,93.08,94.14
2013-11-22,95.29,95.57,94.05,94.81
2013-11-21,94.55,95.63,93.47,95.38
2013-11-20,93.33,93.93,92.73,93.34
2013-11-19,93,93.46,92.43,93.42
2013-11-18,93.78,94.3,92.72,93.05
2013-11-15,93.89,94.55,93.58,93.83
2013-11-14,93.5,94.43,92.51,93.8
2013-11-13,93.07,94.54,92.93,93.87
2013-11-12,95,95.22,92.86,93.19
2013-11-11,94.45,95.38,94.11,95.11
2013-11-08,94.36,94.92,93.9,94.48
2013-11-07,94.91,95.31,93.8,94.27
2013-11-06,93.74,95.4,93.65,94.82
2013-11-05,94.47,94.9,93.07,93.44
2013-11-04,94.52,95.11,94.06,94.62
2013-11-01,96.32,96.65,94.36,94.65
2013-10-31,96.62,97.03,96.03,96.3
2013-10-30,97.77,97.82,96.55,96.8
2013-10-29,98.54,98.57,97.69,98.28
2013-10-28,97.88,98.82,97.37,98.68
2013-10-25,97.19,98.06,96.99,97.94
2013-10-24,97.1,97.69,95.95,97.1
2013-10-23,96.535,96.91,96.16,96.91
2013-10-22,99.06,99.77,97.5,97.62
2013-10-21,100.63,100.95,98.98,99.28
2013-10-18,100.72,101.71,100.51,100.81
2013-10-17,102.13,102.32,100.03,100.61
2013-10-16,100.88,102.97,100.75,102.34
2013-10-15,102.19,102.46,100.87,101.15
2013-10-14,101.37,102.62,101.06,102.38
2013-10-11,102.94,102.95,100.6,101.86
2013-10-10,101.46,103.57,101.16,102.91
2013-10-09,103.49,103.67,101.18,101.59
2013-10-08,103.16,104.08,102.85,103.56
2013-10-07,103.45,103.74,101.86,102.95
2013-10-04,102.92,104.19,102.9,103.74
2013-10-03,103.82,104.38,102.87,103.22
2013-10-02,101.62,104.23,101.43,104.05
2013-10-01,102.31,102.58,101.06,101.97
2013-09-30,102.46,102.76,101.05,102.37
2013-09-27,102.91,103.77,102.36,102.77
2013-09-26,102.3,103.29,102.2,102.97
2013-09-25,103.41,103.96,102.2,102.62
2013-09-24,103.44,103.64,102.3,103.12
2013-09-23,104.89,105.12,103.12,103.57
2013-09-20,106.37,106.43,104.79,104.57
2013-09-19,108.22,108.99,106.08,106.3
2013-09-18,105.53,108.49,105.32,108.11
2013-09-17,106.22,106.43,104.94,105.38
2013-09-16,107.5,108,106.06,106.57
2013-09-13,108.64,108.74,107.23,108.23
2013-09-12,107.77,109.16,107.3,108.63
2013-09-11,107.36,108.09,106.53,107.59
2013-09-10,108.92,108.95,106.39,107.36
2013-09-09,110.28,110.46,108.76,109.48
2013-09-06,108.52,110.7,108.12,110.48
2013-09-05,107.59,108.54,107.13,108.4
2013-09-04,108.44,108.61,106.77,107.15
2013-09-03,107.07,108.83,104.21,108.54
2013-08-30,108.17,108.75,106.75,107.72
2013-08-29,109.53,110.07,107.72,108.73
2013-08-28,109.22,112.24,109.11,110.13
2013-08-27,106.14,109.32,105.88,109.02
2013-08-26,106.91,107.37,105.56,105.86
2013-08-23,105.22,106.94,104.3,106.46
2013-08-22,103.86,105.25,103.53,104.94
2013-08-21,103.675,103.85,103.5,103.85
2013-08-20,106.93,107.1,104.5,104.92
2013-08-19,107.78,107.8,106.56,107.03
2013-08-16,107.18,108.17,106.56,107.46
2013-08-15,106.98,107.87,106.6,107.39
2013-08-14,106.54,107.06,105.6,106.84
2013-08-13,106.15,107.2,105.56,106.7
2013-08-12,105.84,106.46,105.03,106.14
2013-08-09,103.87,106.24,103.62,106.06
2013-08-08,104.18,104.96,102.22,103.41
2013-08-07,105.68,105.77,104.1,104.39
2013-08-06,106.48,107.27,104.86,105.37
2013-08-05,106.84,107.69,105.7,106.61
2013-08-02,107.8,108.82,106.45,106.75
2013-08-01,105.26,108.06,105.1,107.73
2013-07-31,103.15,105.43,102.93,105.07
2013-07-30,104.52,104.54,102.67,103.08
2013-07-29,104.61,105.37,103.87,104.57
2013-07-26,105.56,105.63,103.9,104.7
2013-07-25,105.37,105.87,104.08,105.56
2013-07-24,107.36,107.52,104.79,105.31
2013-07-23,106.505,107.55,105.46,107.21
2013-07-22,108.34,108.79,106.43,106.7
2013-07-19,108.12,109.32,107.48,108.07
2013-07-18,106.56,108.43,106.15,107.97
2013-07-17,105.78,106.6,105.11,106.48
2013-07-16,106.44,107.18,105.66,106
2013-07-15,106.05,106.63,104.65,106.31
2013-07-12,104.58,106.33,104.36,105.93
2013-07-11,106.15,107.45,104.31,104.75
2013-07-10,104.57,106.66,104.21,106.49
2013-07-09,103,104.76,102.31,103.54
2013-07-08,103.95,104.12,102.13,103.05
2013-07-05,101.09,103.68,100.71,103.08
2013-07-03,99.61,102.18,99.59,101.21
2013-07-02,98.06,99.87,97.78,99.47
2013-07-01,96.58,98.28,96.07,97.94
2013-06-28,96.81,97.82,96.33,96.58
2013-06-27,95.52,97.41,95.35,97.06
2013-06-26,95.17,95.7,93.68,95.45
2013-06-25,95.02,96.17,94.59,95.38
2013-06-24,93.85,95.59,92.67,95.14
2013-06-21,94.48,95.84,93.12,93.67
2013-06-20,98.02,98.03,94.89,94.94
2013-06-19,98.59,99.01,97.57,98.3
2013-06-18,97.93,98.67,97.41,98.45
2013-06-17,97.85,98.74,97.38,97.83
2013-06-14,96.64,98.25,96.42,97.82
2013-06-13,95.77,96.92,95.02,96.64
2013-06-12,94.89,96.45,94.46,95.95
2013-06-11,95.76,95.91,94.04,95.31
2013-06-10,96.09,96.25,95.19,95.83
2013-06-07,94.72,96.39,93.72,96.06
2013-06-06,93.7,95.32,93.69,94.69
2013-06-05,93.86,94.48,93.41,93.75
2013-06-04,93.35,94.41,92.38,93.35
2013-06-03,91.73,93.7,91.26,93.41
2013-05-31,93.64,93.85,91.56,92.04
2013-05-30,92.89,93.99,91.65,93.56
2013-05-29,95.05,95.22,92.83,93.13
2013-05-28,93.89,95.92,93.23,95.03
2013-05-24,94.37,94.39,93.04,94.09
2013-05-23,94.18,94.46,92.21,94.2
2013-05-22,95.1,96.19,94.01,94.16
2013-05-21,96.7,96.97,95.5,95.81
2013-05-20,95.93,97.11,95.23,96.77
2013-05-17,95.15,96.45,94.79,96.03
2013-05-16,94.34,95.57,93.23,95.17
2013-05-15,94.13,94.44,92.13,94.15
2013-05-14,94.93,95.66,93.85,94.17
2013-05-13,95.76,95.81,94.47,95.15
2013-05-10,96.16,96.24,93.37,95.97
2013-05-09,96.6,96.77,95.35,96.19
2013-05-08,95.56,96.77,95.24,96.59
2013-05-07,95.79,96.26,94.92,95.63
2013-05-06,95.58,97.17,94.85,96.04
2013-05-03,93.99,96.04,93.56,95.56
2013-05-02,91,94.25,90.65,93.93
2013-05-01,93.08,93.26,90.11,91.02
2013-04-30,94.42,94.62,92.86,93.37
2013-04-29,92.7,94.69,92.43,94.34
2013-04-26,93.24,93.58,92.06,92.9
2013-04-25,91.58,93.87,91.11,93.53
2013-04-24,89.6,91.72,89.21,91.3
2013-04-23,88.7,89.6,87.8,89.14
2013-04-22,87.96,89.13,87.55,88.81
2013-04-19,88.37,88.79,87.56,87.98
2013-04-18,86.39,88.51,85.61,87.76
2013-04-17,88.8,89.09,86.06,86.73
2013-04-16,87.42,88.96,86.06,88.62
2013-04-15,90.95,90.98,87.2,88.72
2013-04-12,93.49,93.52,90.27,91.16
2013-04-11,94.56,94.64,93.06,93.42
2013-04-10,93.96,94.82,93.4,94.59
2013-04-09,93.49,94.48,92.86,94.13
2013-04-08,93.02,93.75,92.46,93.33
2013-04-05,93.36,93.57,91.91,92.74
2013-04-04,94.5,94.84,92.12,93.27
2013-04-03,96.93,96.96,94.18,94.41
2013-04-02,97,97.44,95.91,97.2
2013-04-01,96.495,97.07,95.92,97.07
2013-03-28,96.68,97.35,96.26,97.14
2013-03-27,96.18,96.84,95.58,96.55
2013-03-26,94.75,96.45,94.67,96.22
2013-03-25,93.72,95.65,93.7,94.75
2013-03-22,92.33,93.94,92.33,93.71
2013-03-21,92.17,92.5,91.84,92.5
2013-03-20,92.09,93.28,92.09,93.24
2013-03-19,93.8,94.09,92.03,92.21
2013-03-18,93.26,93.94,91.76,93.71
2013-03-15,93.15,93.84,93,93.52
2013-03-14,92.51,93.25,92.01,92.98
2013-03-13,92.62,93.4,91.91,92.45
2013-03-12,91.94,93.47,91.6,92.46
2013-03-11,91.83,92.15,90.89,92
2013-03-08,91.42,92.03,90.83,91.87
2013-03-07,90.42,91.73,90.22,91.47
2013-03-06,90.83,91.17,89.55,90.39
2013-03-05,90.23,90.99,90.02,90.77
2013-03-04,90.71,90.91,89.33,90.1
2013-03-01,91.76,91.97,90.04,90.68
2013-02-28,92.89,93.18,91.57,91.99
2013-02-27,92.72,93.37,92.18,92.78
2013-02-26,91.92,93.44,91.92,92.65
2013-02-25,93.23,94.46,92.07,93.02
2013-02-22,92.96,93.48,92.44,93.13
2013-02-21,92.775,92.92,92.63,92.92
2013-02-20,96.66,97.07,93.92,94.77
2013-02-19,95.97,96.73,95.25,96.56
2013-02-15,97.34,97.47,95.21,95.86
2013-02-14,97.17,97.71,96.77,97.3
2013-02-13,97.59,98.11,96.63,97
2013-02-12,96.96,97.79,96.68,97.49
2013-02-11,95.79,97.09,94.97,97.1
2013-02-08,95.92,96.57,95.27,95.72
2013-02-07,96.86,97.21,95.54,95.81
2013-02-06,96.64,96.99,95.04,96.7
2013-02-05,96.13,97.07,95.91,96.67
2013-02-04,97.72,97.76,95.89,96.21
2013-02-01,97.42,98.15,96.51,97.77
2013-01-31,97.96,98.04,96.84,97.48
2013-01-30,97.32,98.24,97.32,98
2013-01-29,96.46,97.82,96.29,97.51
2013-01-28,96.04,96.81,95.47,96.45
2013-01-25,95.95,96.56,95.43,95.88
2013-01-24,95.5,96.68,95.12,95.95
2013-01-23,95.935,96.92,94.95,95.27
2013-01-22,95.25,96.38,94.98,96.15
2013-01-18,95.19,95.67,94.91,95.56
2013-01-17,94.19,96.04,93.8,95.45
2013-01-16,93.4,94.36,93.1,94.21
2013-01-15,94.2,94.44,93.22,93.39
2013-01-14,93.74,94.29,92.95,94.24
2013-01-11,93.87,94.13,92.65,93.56
2013-01-10,93.19,94.7,93.08,93.87
2013-01-09,93.15,93.65,92.68,93.09
2013-01-08,93.32,93.8,92.67,93.24
2013-01-07,93.21,93.35,92.42,93.2
2013-01-04,92.86,93.21,91.52,93.09
2013-01-03,92.91,93.3,92.49,92.92
2013-01-02,91.78,93.87,91.56,92.93
2012-12-31,90.41,91.99,90,91.8
2012-12-28,91.15,91.49,90.32,90.8
2012-12-27,91,91.44,90.05,90.84
2012-12-26,88.62,91.3,88.59,90.95
2012-12-24,88.6,88.86,88.2,88.78
2012-12-21,90.02,90.07,87.96,88.66
2012-12-20,89.9,90.54,89.26,90.25
2012-12-19,87.94,89.9,87.81,89.4
2012-12-18,87.45,88.16,87.21,87.86
2012-12-17,86.88,87.71,86.48,87.35
2012-12-14,86.13,86.92,86.05,86.73
2012-12-13,86.77,86.97,85.81,85.96
2012-12-12,85.69,87.68,85.68,86.86
2012-12-11,85.7,86.37,85.21,85.75
2012-12-10,85.98,86.78,85.33,85.67
2012-12-07,86.39,86.92,85.77,85.93
2012-12-06,87.87,88.23,85.68,86.27
2012-12-05,88.5,89.05,87.46,87.88
2012-12-04,88.93,89.18,87.57,88.44
2012-12-03,88.85,90.33,88.66,89.06
2012-11-30,87.66,88.99,87.47,88.91
2012-11-29,86.57,88.69,86.55,88.05
2012-11-28,87.33,87.34,85.36,86.43
2012-11-27,87.82,88.25,86.83,87.18
2012-11-26,88.21,88.29,87.27,87.72
2012-11-23,87.68,88.53,86.71,88.28
2012-11-21,87.28,87.89,86.37,87.38
2012-11-20,89.15,89.19,86.17,86.78
2012-11-19,87.3,89.8,87.11,89.4
2012-11-16,85.28,87.01,85.02,86.92
2012-11-15,86.36,86.83,84.68,85.39
2012-11-14,85.37,86.65,84.93,86.31
2012-11-13,85.59,85.95,84.57,85.4
2012-11-12,86.19,86.54,85.27,85.54
2012-11-09,85,86.77,84.13,86.07
2012-11-08,84.52,85.7,84.22,85.18
2012-11-07,88.42,88.8,84.05,84.49
2012-11-06,85.67,89.22,85.42,88.44
2012-11-05,84.65,85.9,84.34,85.7
2012-11-02,86.91,87.24,84.66,84.86
2012-11-01,86.1,87.42,85.92,87.03
2012-10-31,85.73,87.19,85.61,86.17
2012-10-30,85.31,86.24,85.1,85.58
2012-10-29,86.43,86.43,84.66,85.54
2012-10-26,86,86.37,85,86.3
2012-10-25,85.65,86.75,85.23,85.98
2012-10-24,86.6,87.47,84.94,85.75
2012-10-23,86.155,86.62,85.69,86.62
2012-10-22,89.52,90.8,88.21,88.3
2012-10-19,92.04,93.05,89.83,90.05
2012-10-18,92.06,92.59,90.66,92.09
2012-10-17,92.08,92.85,91.55,91.99
2012-10-16,91.76,92.32,91.3,92.02
2012-10-15,91.63,92.2,89.79,91.7
2012-10-12,92.41,92.64,91.16,91.86
2012-10-11,91.27,92.94,91.09,92.16
2012-10-10,92.26,93.66,91.02,91.27
2012-10-09,89.62,92.91,89.29,92.33
2012-10-08,89.85,89.89,88.21,89.39
2012-10-05,91.51,91.71,89.01,89.88
2012-10-04,88.01,91.84,87.91,91.67
2012-10-03,91.64,91.82,87.7,88.13
2012-10-02,92.41,92.94,91.62,91.85
2012-10-01,92.15,93.33,91.26,92.46
2012-09-28,92.35,92.71,91.4,92.19
2012-09-27,90.08,92.39,89.88,91.98
2012-09-26,90.82,91.34,88.95,89.89
2012-09-25,92.11,93.2,90.57,91.36
2012-09-24,93.18,93.18,91.06,91.95
2012-09-21,93.215,93.84,92.59,92.89
2012-09-20,91.77,92.37,90.66,92.14
2012-09-19,95.49,96.17,91.25,91.85
2012-09-18,96.71,97.23,95.11,95.32
2012-09-17,99.15,99.52,94.65,96.39
2012-09-14,98.04,100.42,97.99,99
2012-09-13,96.93,98.58,96.51,98.15
2012-09-12,96.85,98.06,96.31,97
2012-09-11,96.29,97.31,96.08,97.05
2012-09-10,96.24,96.63,95.34,96.45
2012-09-07,94.7,96.74,94.08,96.42
2012-09-06,96,97.71,94.59,95.51
2012-09-05,95.61,96.03,94.26,95.38
2012-09-04,96.38,97.37,94.97,95.42
2012-08-31,94.75,96.92,94.51,96.47
2012-08-30,95.3,95.6,93.95,94.59
2012-08-29,96.08,96.37,94.76,95.52
2012-08-28,95.66,96.54,95.14,96.24
2012-08-27,96.67,97.72,94.41,95.51
2012-08-24,96.06,97.17,95.41,96.07
2012-08-23,97.02,98.29,95.75,96.23
2012-08-21,95.97,97.6,95.81,96.55
2012-08-20,96.36,96.53,95.02,96.06
2012-08-17,95.23,96.28,94.98,96.01
2012-08-16,94.21,95.75,93.93,95.63
2012-08-15,93.25,94.9,92.68,94.2
2012-08-14,92.71,93.92,92.56,93.34
2012-08-13,93.25,94.14,92.05,92.73
2012-08-10,93.46,93.87,91.71,92.87
2012-08-09,93.43,94.21,93.07,93.37
2012-08-08,93.41,94.72,92.82,93.36
2012-08-07,92.05,94.42,91.78,93.6
2012-08-06,91.34,92.33,90.63,92.24
2012-08-03,87.26,91.74,87.23,91.4
2012-08-02,88.87,89.63,86.92,87.18
2012-08-01,88.03,89.47,87.51,88.87
2012-07-31,89.67,90.09,87.31,87.99
2012-07-30,90.14,90.95,89.33,89.76
2012-07-27,89.43,90.45,89.13,90.13
2012-07-26,89.1,90.47,88.07,89.33
2012-07-25,88.2,89.36,86.84,89.01
2012-07-24,88.05,89.09,87.43,88.44
2012-07-23,91.61,91.64,87.91,88.14
2012-07-20,92.22,92.3,90.66,91.83
2012-07-19,90.08,92.94,89.86,92.71
2012-07-18,89.13,90.04,88.59,89.82
2012-07-17,88.26,89.46,87.41,89.04
2012-07-16,87.13,88.48,86.41,88.37
2012-07-13,85.86,87.61,85.58,87.1
2012-07-12,86.2,86.37,84.21,85.95
2012-07-11,84.01,86.49,84.01,85.77
2012-07-10,85.84,85.95,83.65,83.86
2012-07-09,84.2,86.48,84,85.89
2012-07-06,86.73,87.13,84.02,84.24
2012-07-05,87.75,88.98,86.5,87.01
2012-07-03,83.67,88.04,83.33,87.47
2012-07-02,84.65,85.05,82.1,83.71
2012-06-29,78.46,85.34,78.28,84.96
2012-06-28,80.48,80.84,77.28,77.73
2012-06-27,79.47,80.92,78.68,80.31
2012-06-26,79.23,79.68,78.36,79.34
2012-06-25,80.2,80.68,78.03,79.17
2012-06-22,78.11,80.37,77.56,79.76
2012-06-21,78.145,78.36,77.93,78.36
2012-06-20,84.04,84.34,80.91,81.06
2012-06-19,83.06,84.41,82.28,84.07
2012-06-18,85.09,85.6,82.04,83.27
2012-06-15,84.33,84.8,83.42,84.03
2012-06-14,82.44,84.42,82.27,83.83
2012-06-13,83.51,84.01,82.15,82.52
2012-06-12,81.18,83.72,81.07,83.39
2012-06-11,85.72,86.64,81.11,82.63
2012-06-08,83.63,84.67,82,84.1
2012-06-07,85.5,87.03,83.43,84.79
2012-06-06,84.12,86.27,84.03,85.11
2012-06-05,84.14,84.92,83.31,84.25
2012-06-04,82.96,84.38,81.21,83.92
2012-06-01,86.44,86.59,82.29,83.23
2012-05-31,87.55,88.28,85.86,86.49
2012-05-30,90.86,90.92,87.27,87.7
2012-05-29,91,92.21,90.25,90.68
2012-05-25,90.79,91.32,90.2,90.86
2012-05-24,90.53,91.52,89.81,90.58
2012-05-23,89.56,89.84,89.28,89.84
2012-05-22,92.64,93.01,91.41,91.45
2012-05-21,91.27,93.06,90.84,92.48
2012-05-18,92.86,92.88,90.93,91.48
2012-05-17,92.77,93.88,92.09,92.58
2012-05-16,93.16,94.16,91.81,92.83
2012-05-15,93.91,95.48,93.02,93.89
2012-05-14,95.79,95.83,93.65,94.79
2012-05-11,96.53,97.2,95.56,96.13
2012-05-10,96.45,97.69,96.08,96.96
2012-05-09,97.38,97.39,95.17,96.73
2012-05-08,97.96,98.12,95.52,97.07
2012-05-07,98.05,98.24,95.34,97.89
2012-05-04,102.59,102.72,97.51,98.49
2012-05-03,105.39,105.42,102.36,102.54
2012-05-02,105.98,106.05,104.91,105.26
2012-05-01,104.89,106.43,104.39,106.16
2012-04-30,104.93,105.16,103.88,104.92
2012-04-27,104.1,105,103.74,104.93
2012-04-26,103.96,104.92,103.84,104.56
2012-04-25,103.76,104.57,103.11,104.12
2012-04-24,103.11,104.1,102.79,103.48
2012-04-23,103.82,103.9,101.82,103.09
2012-04-20,102.57,104.27,102.45,103.88
2012-04-19,102.73,103.21,101.67,102.2
2012-04-18,104.22,104.51,102.19,102.66
2012-04-17,103.15,105.07,102.66,104.27
2012-04-16,102.8,103.37,101.8,102.95
2012-04-13,103.66,103.9,102.61,102.83
2012-04-12,102.55,104.24,102.39,103.57
2012-04-11,100.94,103.13,100.84,102.73
2012-04-10,102.33,102.96,100.68,101.17
2012-04-09,102.53,102.6,100.81,102.47
2012-04-05,101.96,103.4,101.37,103.33
2012-04-04,104.09,104.12,101.08,101.62
2012-04-03,105.04,105.18,103.59,103.98
2012-04-02,103.27,105.49,102.06,105.26
2012-03-30,103.29,104.15,102.78,103.02
2012-03-29,105.58,105.7,102.13,102.75
2012-03-28,106.81,106.94,104.67,105.34
2012-03-27,107.09,107.73,106.52,107.33
2012-03-26,106.79,107.32,106.19,106.99
2012-03-23,105.52,108.25,105.16,106.87
2012-03-22,104.925,105.35,104.5,105.35
2012-03-20,107.82,107.91,105.35,105.68
2012-03-19,107.18,108.24,106.55,108.03
2012-03-16,105.44,107.34,105.13,107.06
2012-03-15,105.5,106.18,103.78,105.26
2012-03-14,106.69,107.02,105.12,105.44
2012-03-13,106.55,107.35,105.67,106.77
2012-03-12,107.5,107.56,105.38,106.31
2012-03-09,106.91,108.2,106.13,107.4
2012-03-08,106.24,107.2,105.84,106.68
2012-03-07,104.93,106.55,104.35,106.09
2012-03-06,107.11,107.34,104.51,104.87
2012-03-05,107.15,107.42,105.5,106.73
2012-03-02,108.75,109.03,105.8,106.7
2012-03-01,106.82,110.55,106.55,108.67
2012-02-29,106.46,107.43,104.84,107.02
2012-02-28,106.4,108.79,106.3,106.75
2012-02-27,107.86,109.77,107.27,108.43
2012-02-24,108.66,109.95,107.95,109.77
2012-02-23,108.75,108.74,105.45,107.81
2012-02-21,105.975,106.07,105.88,105.88
2012-02-17,102.35,104.14,102.25,103.23
2012-02-16,101.9,102.69,100.84,102.31
2012-02-15,100.9,102.54,100.61,101.82
2012-02-14,100.92,101.84,100.28,100.82
2012-02-13,100.71,100.87,99.09,100.39
2012-02-10,99.89,99.89,97.32,98.67
2012-02-09,99.89,100.18,98.66,99.8
2012-02-08,98.77,100.09,98.1,98.77
2012-02-07,97.13,99.13,95.84,98.54
2012-02-06,97.74,97.75,96.38,97.01
2012-02-03,96.61,98.03,96.01,97.84
2012-02-02,97.11,97.99,95.44,96.45
2012-02-01,98.38,99.49,97.11,97.67
2012-01-31,98.88,101.29,97.86,98.29
2012-01-30,100,100.05,98.43,98.88
2012-01-27,99.93,100.63,99.13,99.56
2012-01-26,99.96,101.39,99.23,99.79
2012-01-25,99.2,100.4,97.53,99.54
2012-01-24,99.88,100.18,98.25,99.01
2012-01-23,98.34,100.24,97.4,99.7
2012-01-20,100.48,100.91,98.02,98.33
2012-01-19,101.14,102.24,100.12,100.53
2012-01-18,100.91,102.06,99.84,100.5
2012-01-17,100.69,100.69,100.69,100.69
2012-01-16,99.66,101.01,98.6,100.89
2012-01-13,99.2,100.19,97.7,99.03
2012-01-12,101,102.98,98.5,99.14
2012-01-11,102.2,102.46,100.55,100.99
2012-01-10,101.3,103.41,101.3,102.18
2012-01-09,101.92,102.15,100.1,101.22
2012-01-06,101.35,102.8,100.88,101.56
2012-01-05,103.29,103.73,101.3,101.86
2012-01-04,102.99,103.74,101.88,103.24
2012-01-03,103.1,103.18,103.02,103.02
2011-12-30,99.78,100.16,98.61,98.83
2011-12-29,99.59,99.92,98.34,99.7
2011-12-28,101.25,101.71,99.11,99.46
2011-12-27,99.92,101.77,99.37,101.3
2011-12-23,99.48,100.23,99.24,99.68
2011-12-22,99.03,100.05,98.51,99.51
2011-12-21,97.51,99.25,96.8,98.78
2011-12-20,94.14,97.63,94.14,97.24
2011-12-19,93.76,94.42,92.54,93.81
2011-12-16,93.42,94.79,92.52,93.53
2011-12-15,94.89,95.99,93.31,93.87
2011-12-14,100.33,100.33,94.21,94.9
2011-12-13,97.85,101.25,97.64,100.19
2011-12-12,99.58,99.68,97.54,97.81
2011-12-09,98.08,99.91,97.36,99.41
2011-12-08,100.84,101.73,97.71,98.3
2011-12-07,101.11,101.94,99.67,100.37
2011-12-06,100.45,101.42,100.2,101.26
2011-12-05,101.34,102.44,100.24,101.03
2011-12-02,100,101.56,99.76,100.81
2011-12-01,100.51,101.17,98.87,100.23
2011-11-30,99.48,101.75,98.92,100.38
2011-11-29,97.75,100.15,97.23,99.73
2011-11-28,97.5,100.74,97.13,98.06
2011-11-25,97.03,97.55,95.64,96.77
2011-11-23,97.79,97.87,95.35,96.15
2011-11-22,97.2,98.7,96.55,97.87
2011-11-21,97.54,97.86,95.24,96.73
2011-11-18,98.65,100.3,96.7,97.67
2011-11-17,101.76,103.37,98.34,99.16
2011-11-16,99.32,102.89,98.39,102.5
2011-11-15,98.04,99.84,97.51,99.43
2011-11-14,99.3,99.69,97.19,98.11
2011-11-11,97.51,99.4,97.35,98.99
2011-11-10,97.31,98.35,95.2,97.77
2011-11-09,96.81,97.84,94.54,95.76
2011-11-08,95.87,97.08,95.23,96.77
2011-11-07,94.4,96.11,93.23,95.41
2011-11-04,94.24,94.93,92.87,94.26
2011-11-03,92.99,94.61,90.87,94.03
2011-11-02,91.6,93.79,90.97,92.52
2011-11-01,92.58,92.88,89.17,92.01
2011-10-31,93.53,93.8,91.36,93.51
2011-10-28,93.93,93.93,92.01,93.32
2011-10-27,90.98,94.25,90.74,93.85
2011-10-26,92.59,93.92,90,90.48
2011-10-25,91.69,94.65,91.1,93.14
2011-10-24,91.84,91.88,87,91.45
2011-10-21,86.5,88.89,85.95,87.4
2011-10-20,86.2,87.12,84.22,86.06
2011-10-19,88.26,89.69,86.03,86.24
2011-10-18,86.2,89.03,85.55,88.33
2011-10-17,87.48,88.18,85.88,86.35
2011-10-14,84.47,87.42,83.77,86.8
2011-10-13,84.93,85.39,83.17,84.4
2011-10-12,85.2,86.59,84.52,85.63
2011-10-11,85.7,86.64,83.97,85.71
2011-10-10,82.75,86.09,82.75,85.45
2011-10-07,82.57,84,81.36,82.98
2011-10-06,82.6,82.9,79.08,82.49
2011-10-05,78.25,79.91,76.94,79.61
2011-10-04,76.4,78.4,74.95,75.74
2011-10-03,78.92,79.64,76.25,77.6
2011-09-30,83.07,83.23,78.53,79.2
2011-09-29,80.67,83.98,79.64,82.18
2011-09-28,83.76,84.62,80.49,81.27
2011-09-27,81.48,84.77,80.92,84.34
2011-09-26,79.64,81.56,77.11,80.21
2011-09-23,80.4,81.81,77.55,79.85
2011-09-22,84.81,85,79.66,80.28
2011-09-21,86.51,87.99,84.65,85.86
2011-09-20,85.84,87.68,85.11,86.9
2011-09-19,87.75,87.75,84.79,85.74
2011-09-16,89.11,89.78,87,87.96
2011-09-15,88.6,90.15,88.01,89.34
2011-09-14,88.48,90.25,88.21,88.76
2011-09-13,89.79,90.52,87.81,90.23
2011-09-12,88.98,88.97,85,88.21
2011-09-09,88.77,89.5,85.64,87.24
2011-09-08,90.11,90.23,88.4,89.19
2011-09-07,86.5,90.48,86.15,89.24
2011-09-06,83.66,86.6,83.2,85.87
2011-09-02,88.78,88.99,85.42,86.45
2011-09-01,88.73,89.9,88.21,89.2
2011-08-31,88.79,89.54,87.67,88.76
2011-08-30,87.51,89.21,86.46,88.91
2011-08-29,85.33,87.62,85.11,87.23
2011-08-26,85.09,85.64,82.95,85.37
2011-08-25,85.17,86.56,83.01,85.25
2011-08-24,85.67,86.59,84.55,84.74
2011-08-23,84.45,86.39,83.4,85.5
2011-08-22,82.27,84.8,81.18,84.33
2011-08-19,81.3,83.55,79.17,82.41
2011-08-18,87.41,87.53,81.15,82.32
2011-08-17,87.1,88.98,86.65,87.61
2011-08-16,87.68,87.93,85.62,86.74
2011-08-15,85.59,88.05,84.4,87.69
2011-08-12,85.55,87.37,84.02,85.38
2011-08-11,81.95,85.97,81.03,85.33
2011-08-10,81.9,83.14,79.53,82.97
2011-08-09,81.1,83.05,75.71,79.45
2011-08-08,85.71,85.73,80.17,81.28
2011-08-05,86.5,88.32,82.87,86.88
2011-08-04,91.94,92.59,86.04,86.9
2011-08-03,93.15,93.75,91.22,91.84
2011-08-02,95.02,95.68,93.08,93.8
2011-08-01,96.2,98.6,93.42,94.95
2011-07-29,97.16,97.39,94.95,95.7
2011-07-28,97.27,98.01,96.51,97.46
2011-07-27,99.18,99.5,97.14,97.47
2011-07-26,99.15,100.62,97.76,99.58
2011-07-25,99.76,99.87,98.52,99.17
2011-07-22,99.2,100.19,98.43,99.87
2011-07-21,98.36,100.16,97.2,99.19
2011-07-20,98.48,99.37,96.93,98.38
2011-07-19,96.16,98.98,95.94,97.87
2011-07-18,97.37,97.69,94.69,95.95
2011-07-15,96.03,97.74,95.21,97.24
2011-07-14,97.59,98.88,94.53,95.85
2011-07-13,96.72,99.21,96.53,98.05
2011-07-12,95.09,97.5,93.55,97.46
2011-07-11,95.1,96.75,94.14,94.97
2011-07-08,98.79,99.18,95.6,96.2
2011-07-07,97.04,99.42,96.99,98.5
2011-07-06,97,97.79,95.9,96.65
2011-07-05,94.97,97.48,94.34,96.6
2011-07-01,95.12,95.39,93.45,94.94
2011-06-30,95.08,95.82,93.88,95.21
2011-06-29,93.37,95.84,92.66,94.96
2011-06-28,90.71,93.37,90.44,92.8
2011-06-27,91.16,91.3,89.61,90.59
2011-06-24,92.29,92.34,89.82,91.16
2011-06-23,94.4,94.47,89.69,91.23
2011-06-22,93.76,95.7,93.24,95.31
2011-06-21,93.88,95.1,92.88,94.05
2011-06-20,92.8,93.49,91.14,93.24
2011-06-17,95.1,95.4,91.84,93.01
2011-06-16,95.29,95.75,94.29,94.9
2011-06-15,99.68,99.95,94.01,95.12
2011-06-14,97.09,99.64,96.51,99.24
2011-06-13,98.77,99.32,96.13,96.99
2011-06-10,101.84,102.15,98.6,99.29
2011-06-09,100.83,102.44,100.74,101.94
2011-06-08,99.58,101.89,98.02,100.97
2011-06-07,98.82,99.75,97.74,99.21
2011-06-06,100.42,100.68,98.55,99.01
2011-06-03,100.87,100.87,98.12,100.22
2011-06-02,99.79,100.93,98.46,100.51
2011-06-01,102.68,103.31,99.63,100.32
2011-05-31,100.34,103.39,99.6,102.51
2011-05-27,100.16,101.24,100.04,100.59
2011-05-26,101.24,101.9,99.61,100.21
2011-05-25,99.27,101.63,98.2,101.26
2011-05-24,97.54,100.09,96.61,99.55
2011-05-23,99.68,100.04,96.37,97.59
2011-05-20,99.06,100.42,96.35,100.1
2011-05-19,99.76,101.24,98.63,98.97
2011-05-18,97.57,100.99,97.46,99.97
2011-05-17,96.98,97.81,95.02,96.95
2011-05-16,99.36,99.65,96.83,97.35
2011-05-13,98.81,100.7,97.09,99.65
2011-05-12,98.59,100.49,95.25,99
2011-05-11,99.93,104.6,97.5,98.84
2011-05-10,102.44,103.95,100.12,103.82
2011-05-09,98.11,103.4,97.42,102.63
2011-05-06,99.76,102.38,94.63,97.18
2011-05-05,108.78,109.38,98.25,99.63
2011-05-04,110.68,111.22,108.48,109.28
2011-05-03,112.98,113.22,110.3,110.89
2011-05-02,113.89,114.83,110.82,113.63
2011-04-29,112.82,113.48,112.25,113.93
2011-04-28,113.13,113.97,111.69,112.87
2011-04-27,111.89,113.4,110.71,112.76
2011-04-26,112.15,112.64,111.12,112.11
2011-04-25,112.34,113.48,111.08,112.07
2011-04-21,111.37,112.48,111,112.2
2011-04-20,108.45,111.66,107.96,111.36
2011-04-19,107.52,109.1,106.01,108.25
2011-04-18,109.43,109.44,106.54,107.15
2011-04-15,108.45,110.1,107.21,109.66
2011-04-14,107.32,108.55,105.77,108.29
2011-04-13,106.02,107.43,105.31,106.99
2011-04-12,108.97,110.24,105.47,106.13
2011-04-11,113.28,113.46,108.68,109.83
2011-04-08,110.32,113.21,110.11,112.64
2011-04-07,108.67,110.44,108.23,110.24
2011-04-06,107.99,109.15,107.72,108.72
2011-04-05,108.2,108.6,107.5,108.24
2011-04-04,108.29,108.78,107.58,108.51
2011-04-01,106.62,108.47,106.3,107.94
2011-03-31,104.31,106.83,104.12,106.72
2011-03-30,104.45,105.15,103.44,104.27
2011-03-29,103.94,105,102.7,104.79
2011-03-28,105.43,105.76,103.6,103.98
2011-03-25,105.46,105.95,104.5,105.4
2011-03-24,105.52,106.69,104.76,105.6
2011-03-23,104.85,106.34,104.38,105.75
2011-03-22,102.74,105.2,102.1,104.97
2011-03-21,102.12,103.35,102.6,103.09
2011-03-18,101.78,103.66,100.14,101.07
2011-03-17,98.1,101.99,96.6,101.42
2011-03-16,97.4,99.6,96.22,97.98
2011-03-15,101.86,101.87,96.71,97.18
2011-03-14,100.31,101.89,98.47,101.19
2011-03-11,102.64,103,99.01,101.16
2011-03-10,104.45,105.06,100.62,102.7
2011-03-09,104.96,105.92,103.9,104.38
2011-03-08,104.85,105.79,103.33,105.02
2011-03-07,104.65,106.95,104.25,105.44
2011-03-04,101.7,105.17,101.54,104.42
2011-03-03,102.39,102.94,100.15,101.91
2011-03-02,100.48,102.5,99.21,102.23
2011-03-01,96.97,100.69,96.37,99.63
2011-02-28,98.5,99.96,96.71,96.97
2011-02-25,96.63,99.2,96.17,97.88
2011-02-24,98.97,103.41,95.62,97.28
2011-02-23,95.68,99.95,95.14,98.1
2011-02-22,96.59,98.48,86.25,95.42
2011-02-18,86.4,87.88,85.65,86.2
2011-02-17,85.25,86.63,84.38,86.36
2011-02-16,84.44,85.95,84.12,84.99
2011-02-15,84.84,85.97,83.85,84.32
2011-02-14,85.5,86.52,84.58,84.81
2011-02-11,87.7,87.77,85.1,85.58
2011-02-10,86.93,87.9,85.96,86.71
2011-02-09,87.35,87.95,86.36,86.77
2011-02-08,87.41,88.11,85.88,86.94
2011-02-07,89.06,89.54,87.18,87.49
2011-02-04,90.63,91.67,88.45,89.03
2011-02-03,90.93,92.05,90,90.59
2011-02-02,90.51,91.78,90.1,91.12
2011-02-01,92.2,92.45,90.33,90.76
2011-01-31,89.97,92.84,88.4,92.19
2011-01-28,85.28,89.73,85.11,89.34
2011-01-27,87.55,87.66,85.21,85.7
2011-01-26,86.23,87.79,86.03,87.21
2011-01-25,87.7,87.85,86.12,86.19
2011-01-24,89.26,89.63,87.27,87.88
2011-01-21,89.45,90.22,88.87,89.11
2011-01-20,90.7,90.86,88.9,89.62
2011-01-19,91.34,92.1,90.47,90.84
2011-01-18,91.05,91.9,90.55,91.38
2011-01-14,90.99,91.69,90.1,91.54
2011-01-13,92,92.37,90.75,91.35
2011-01-12,91.18,92.39,90.79,91.85
2011-01-11,89.31,91.39,88.93,91.09
2011-01-10,89,89.98,88.13,89.27
2011-01-07,88.18,89.48,87.25,88.03
2011-01-06,90.47,90.71,87.85,88.35
2011-01-05,89.29,90.84,88.1,90.29
2011-01-04,91.5,92.07,88.36,89.21
2011-01-03,91.31,92.58,91.21,91.7